rid,igid,amount
1152,361,203.9
4706,993,68.44
2058,813,60.55
4353,545,299.56
3792,20,106.73
817,263,223.24
1541,65,57.32
1700,58,230.84
2817,986,79.47
1301,726,167.66
1373,602,202.52
1257,656,144.76
2737,993,84.02
4273,148,253.96
890,81,232.53
1640,313,217.31
1959,295,224.68
1257,548,72.61
3378,622,215.36
539,497,233.64
2063,123,228.28
3828,858,294.14
1756,609,95.7
2403,945,236.01
4846,841,129.64
381,59,90.43
3577,458,202.26
633,51,162.83
1763,504,78.28
3705,872,290.11
4872,197,71.34
2755,242,105.08
3847,174,52.2
2782,604,166.91
844,621,272.44
1271,688,145.07
4628,510,173.16
2492,771,163.4
1604,80,256.5
2850,250,142.9
4586,742,178.18
2583,889,262.06
635,218,205.51
4718,669,283.14
4745,506,119.55
4831,546,72.46
2945,487,79.9
3903,456,275.25
3330,823,270.61
3617,99,60.99
4668,30,79.13
3437,168,242.56
560,983,275.5
3643,236,141.76
847,747,264.92
4828,433,234.04
79,121,78.2
4079,803,86.79
230,290,297.0
3150,74,171.04
2582,556,197.84
3330,944,178.53
176,993,118.76
3429,923,230.61
569,658,109.01
2780,19,161.74
4631,269,117.31
2880,600,205.52
1322,114,163.89
3494,944,281.6
1484,112,82.67
2069,48,232.13
4395,113,136.61
90,781,184.31
3691,411,208.4
2951,372,284.73
259,186,120.52
318,537,174.38
428,897,193.55
2451,207,281.83
3773,601,107.08
1695,574,92.96
1755,588,264.97
2090,578,144.98
4371,183,262.09
3181,847,192.93
383,723,183.52
751,661,96.97
2820,804,72.94
3668,147,163.4
1391,698,107.74
2998,847,149.83
4241,948,120.07
4021,127,140.47
10,747,129.8
2732,58,137.94
2706,860,75.5
3943,207,246.46
1878,937,275.45
1572,601,73.38
254,97,201.49
4593,474,153.5
2050,411,162.98
3849,730,91.48
1438,786,246.37
187,43,275.09
990,138,63.96
3181,163,294.03
299,634,119.44
1859,900,133.1
3736,156,288.44
775,334,88.04
1685,784,108.37
4066,785,131.81
2996,117,68.89
903,748,151.28
4901,832,213.2
782,458,70.32
644,753,248.0
1112,104,96.75
2158,186,241.55
779,160,223.27
1871,358,289.91
2327,143,121.55
2189,667,52.08
893,676,137.33
3147,407,168.87
3826,170,60.59
2439,586,283.42
629,108,73.3
1592,569,294.07
1905,800,189.67
3505,236,227.28
444,476,64.38
1636,612,170.09
2095,143,172.54
4491,452,146.44
4802,85,226.05
2495,198,286.39
3927,989,214.46
288,57,68.97
2343,716,178.42
98,81,279.35
2054,613,219.03
3562,231,216.14
4114,973,152.79
4241,519,192.15
3248,943,51.58
706,58,59.59
4885,217,145.83
4463,982,157.67
917,241,237.94
1094,813,146.84
4524,295,230.36
3606,664,288.96
3417,499,169.66
3351,145,176.53
4610,749,254.09
1836,524,232.33
2623,86,155.58
200,842,159.38
1296,250,222.2
3109,504,135.29
963,77,213.68
1439,6,124.73
725,434,121.18
3980,474,207.36
945,666,284.96
4635,405,56.93
3462,484,121.69
3288,331,199.37
1562,527,292.86
614,724,126.38
961,768,150.35
2920,56,173.92
4348,203,100.14
2269,998,299.68
4949,578,195.87
4232,28,261.15
1055,551,277.87
1103,70,130.79
2634,867,253.35
2845,821,67.42
138,327,132.27
4271,370,276.14
1131,317,185.68
718,673,107.94
4491,373,141.48
2663,521,152.94
1532,597,281.61
1330,382,208.47
2675,760,228.8
777,435,185.08
3307,744,184.54
2589,464,92.17
2814,811,60.94
2936,279,255.73
2373,839,200.65
2569,485,296.77
2820,67,297.06
1537,15,284.78
1167,970,280.05
3569,865,91.69
2736,73,291.68
1241,690,279.02
1610,264,138.05
624,233,122.07
1238,392,111.73
3271,353,130.98
3152,698,157.42
3889,173,87.82
3186,696,231.26
1009,919,284.87
1214,156,212.96
3846,742,166.94
4534,325,258.73
169,713,215.2
3532,286,221.53
2954,309,289.31
1222,919,161.05
2010,211,82.85
2650,837,176.35
3632,638,286.11
2561,728,116.99
2711,29,161.88
4806,87,84.3
3525,633,155.07
242,531,289.47
283,303,74.99
2156,800,107.01
4115,354,74.67
4653,932,182.88
1759,871,281.24
3632,651,242.01
1977,47,211.25
4533,49,75.96
4392,110,180.6
3535,718,201.03
181,147,172.57
1598,630,162.64
2534,86,141.44
2114,695,211.84
3658,236,130.43
4429,113,158.43
1860,815,172.45
1288,589,66.9
3115,482,164.58
2273,166,272.29
509,70,291.98
4426,983,286.89
928,138,233.93
2094,56,120.09
4587,527,276.81
3271,621,291.23
220,88,144.89
191,555,119.23
1054,664,163.26
1339,15,231.65
1886,413,291.69
4998,404,149.46
1218,664,145.13
500,384,95.73
2599,699,127.57
413,910,261.15
4103,841,205.81
3431,973,201.94
4171,194,150.42
852,664,156.8
4756,884,248.95
2478,301,146.67
733,218,91.06
1148,433,244.45
2433,6,181.52
4516,84,173.67
2675,707,123.5
2645,535,160.05
4257,274,226.27
1214,90,116.13
764,564,50.5
2106,671,136.0
991,984,253.78
700,283,292.69
791,401,164.64
1049,925,209.21
4776,960,82.53
2942,125,54.1
4141,449,82.19
1885,150,234.01
3923,226,98.6
3814,993,145.77
4132,336,170.93
4321,272,69.65
724,468,237.07
4227,344,174.44
1215,971,250.08
2553,141,95.44
4523,379,88.28
4313,798,152.8
1737,558,148.43
546,58,277.86
4205,447,88.06
3759,397,154.39
4337,108,126.93
2936,589,266.04
3009,313,258.74
3702,765,65.09
3614,652,290.28
3259,424,112.42
3485,363,155.03
1988,382,73.67
577,138,287.23
4415,4,107.64
1655,172,277.93
1247,118,123.7
509,943,68.82
3516,881,229.09
1167,125,158.75
4936,386,110.36
1722,118,174.27
1099,893,258.78
3234,673,267.83
714,944,258.53
2166,401,286.76
865,295,211.32
4788,528,252.13
3423,666,245.76
4753,241,230.41
487,608,215.36
1796,575,70.34
4597,933,258.25
679,549,287.38
1141,85,280.02
778,676,195.06
1067,550,251.6
2077,938,224.77
2286,294,157.39
1818,714,237.87
3235,443,276.96
3639,38,115.24
2191,407,122.51
2518,573,95.05
484,616,113.4
2084,52,231.3
2561,125,115.57
348,691,69.9
187,450,158.4
4645,24,280.64
428,283,284.24
3448,685,126.9
1287,687,144.5
500,573,118.72
2628,128,186.05
4240,96,100.81
804,166,205.46
4212,973,69.68
2851,587,150.32
638,399,57.32
200,402,222.34
626,281,79.1
479,756,169.07
424,2,221.21
1546,631,152.97
3918,58,298.66
4773,609,127.07
1724,903,149.25
53,769,185.44
3031,760,183.11
4390,53,246.1
4257,692,104.29
4073,871,173.15
201,640,103.4
4674,980,254.01
3029,835,129.41
1546,752,163.74
3942,573,132.45
2687,317,293.86
3542,831,99.41
786,246,275.06
221,474,121.36
1313,406,135.36
2716,496,170.89
4925,454,121.86
300,474,63.69
3973,7,98.62
3706,417,155.62
1102,344,172.52
2282,160,95.18
550,770,218.5
4277,125,65.64
1439,639,194.99
940,174,88.19
2891,325,162.14
463,249,283.78
1201,178,92.54
2155,442,178.83
2664,548,181.82
2077,751,241.69
19,208,55.41
4857,269,76.01
1980,855,270.05
4834,285,168.55
2470,453,151.5
2065,404,151.52
1770,227,232.11
218,273,230.67
1159,73,169.64
3702,136,50.61
983,76,271.74
4418,757,241.61
3788,590,284.59
1207,989,100.3
100,439,167.79
4322,231,144.6
755,599,102.94
2761,494,170.38
2834,218,284.2
1378,992,64.02
3415,200,279.92
1111,419,247.36
2594,465,141.91
2745,634,255.27
3727,960,218.14
1030,430,278.28
3050,223,198.1
2318,45,144.55
506,918,257.47
4819,111,231.83
638,91,292.73
379,325,151.38
3860,442,243.91
1320,125,192.19
3176,978,179.93
1658,120,190.73
4946,71,59.87
1095,680,127.55
1243,551,116.82
4413,897,265.71
2567,762,282.0
913,272,59.71
1219,315,59.14
930,212,274.6
3114,342,129.1
144,700,154.55
1235,673,188.03
3833,443,295.15
4003,625,97.02
2349,889,132.06
4479,325,75.45
1738,506,238.2
2015,262,296.85
146,867,89.63
265,64,213.71
4245,508,153.08
1562,142,165.25
1374,845,135.21
752,44,70.14
4186,49,107.32
841,237,50.64
3752,467,167.64
170,69,202.34
4634,855,84.35
1948,743,102.08
4687,223,230.89
1505,402,179.56
3860,939,79.23
3519,646,223.91
2911,238,71.33
3150,25,234.95
2045,797,250.1
246,414,50.08
4869,321,155.24
597,937,286.04
893,935,239.15
1825,915,226.95
4731,801,128.41
1771,386,159.95
1683,273,173.8
2322,903,286.36
350,134,217.7
635,761,127.41
2769,841,138.46
3641,999,131.05
2175,331,81.45
3456,724,275.74
594,844,120.18
2407,344,260.82
909,74,249.38
3926,996,172.15
3778,78,281.6
1721,928,81.57
2657,347,179.23
3454,368,132.76
2586,817,116.93
2140,242,72.5
2088,806,186.72
406,927,191.43
1956,771,270.94
2840,976,170.33
1627,717,110.47
254,277,297.9
4211,323,263.34
4087,782,136.55
1874,594,208.48
3978,795,62.04
1419,953,135.68
390,811,189.04
2203,769,101.31
713,912,270.73
322,798,224.56
143,530,171.39
1010,152,265.18
60,532,108.76
4227,159,280.93
1947,964,200.72
4895,29,156.91
2544,136,65.43
1880,910,155.09
4959,724,225.84
4361,280,56.42
2858,713,211.25
3317,473,183.4
1916,954,176.21
3325,593,55.78
1817,194,260.81
2373,146,265.57
1459,220,285.44
118,715,110.22
742,579,279.68
2392,775,60.24
1294,274,209.89
2777,128,205.21
1120,875,153.75
4136,404,253.87
522,697,201.9
2789,596,106.35
776,55,287.89
4536,230,244.69
4021,575,50.19
3285,655,89.38
1444,864,253.57
4442,982,99.14
1479,67,85.17
177,490,83.56
3883,237,107.05
3979,699,63.39
2802,134,106.38
1455,60,53.31
1300,940,112.07
4140,243,239.06
4685,43,248.65
153,25,84.41
2248,635,119.68
3340,833,293.12
1456,406,60.37
2223,578,241.06
1469,116,160.71
2035,756,173.81
266,87,174.86
3664,664,120.08
579,547,65.51
922,886,77.35
1445,927,172.95
3569,548,186.06
1750,516,240.2
3578,718,215.97
3862,248,194.14
1889,715,151.12
2198,238,251.62
3779,664,220.12
4388,708,228.09
1573,186,140.18
2186,120,240.86
1697,895,52.89
3115,970,198.12
2112,63,74.16
1910,77,116.8
4449,435,86.16
4564,947,190.17
2932,741,209.04
3609,165,207.32
2270,770,216.26
3874,850,297.03
417,861,288.18
3915,393,100.21
3818,460,88.8
647,505,273.73
2741,247,79.75
633,341,82.78
738,394,160.77
3666,39,277.93
1136,669,208.37
30,307,146.91
1034,392,170.43
3654,860,295.15
1311,562,61.58
800,346,214.37
1057,911,61.93
1919,152,225.66
587,467,82.1
860,747,117.43
4682,339,266.99
4016,286,131.85
609,118,287.15
4007,695,128.52
724,593,153.46
277,547,249.7
384,121,58.83
4243,864,142.95
4859,49,198.45
3696,587,114.8
4962,406,87.59
460,8,118.51
2523,629,230.97
4212,588,209.04
4699,935,173.84
2221,35,144.9
2109,797,255.17
5,101,298.44
4862,175,163.38
3277,310,207.47
1143,940,254.71
3512,887,86.57
3262,187,139.5
1837,45,230.75
1627,235,225.91
4378,247,237.62
3158,214,232.22
2129,338,240.34
1210,68,293.62
444,40,269.47
2202,816,171.48
4757,401,231.07
1144,653,147.94
1674,818,57.38
3749,547,166.47
1328,410,271.49
4532,956,172.97
1710,246,158.44
4109,301,150.69
1147,25,131.19
4806,414,134.57
1452,72,240.85
3732,206,214.46
1629,644,123.9
2105,344,203.41
2861,98,252.56
2126,403,218.59
741,626,153.91
918,259,251.13
342,742,230.23
1915,260,122.9
2344,373,217.14
2600,299,59.88
1542,917,195.06
915,496,138.93
249,406,268.16
4915,949,164.0
909,452,132.57
1060,96,182.03
3975,741,247.6
766,817,95.7
1084,160,233.77
2054,661,270.59
1113,632,240.16
3963,623,290.73
3627,408,276.23
1146,930,80.42
4798,606,202.48
3149,231,240.52
1002,922,183.47
2364,715,148.75
2092,256,217.55
4408,865,76.59
2597,657,244.83
2105,720,225.59
1205,692,212.85
869,743,124.87
1512,620,166.5
4605,103,279.52
3149,123,162.18
4910,150,224.53
4526,978,243.68
264,30,132.06
2727,780,271.45
1797,580,85.56
3444,771,291.87
2470,565,62.71
2721,147,199.22
2348,50,65.37
1687,570,208.75
4225,60,97.05
2308,917,229.22
4567,992,159.64
3219,545,182.14
2128,986,119.34
3645,424,179.11
238,256,297.81
3128,134,290.62
2686,984,265.57
1982,868,122.4
2943,88,240.6
1186,705,289.88
4735,926,60.58
2305,740,183.86
4177,140,193.54
835,367,88.36
1310,596,248.31
759,722,108.1
1433,932,241.16
3222,38,272.0
3819,28,286.2
3266,81,98.66
4663,649,198.38
2610,450,140.89
1149,126,243.94
4541,134,60.68
640,922,266.61
3547,215,200.04
453,278,71.44
3561,793,210.05
237,919,163.3
4985,942,204.67
3388,986,223.22
2523,952,284.18
4179,963,265.5
1142,99,206.42
2459,644,164.1
2619,633,56.13
4699,211,207.6
4731,658,57.6
2642,765,128.94
4373,684,68.42
3614,632,257.85
39,772,299.44
3996,855,298.46
4824,448,107.58
3905,444,61.49
4949,894,244.0
2296,141,186.34
3030,594,227.8
3983,219,64.27
286,248,165.66
4606,383,209.93
1493,396,51.38
2203,34,167.81
1063,290,53.7
3125,723,205.3
1284,932,149.62
4658,923,196.94
4121,984,111.41
3398,589,135.16
1006,695,237.83
2172,842,114.76
2395,96,131.56
3446,256,261.39
242,713,188.7
2229,558,72.18
1291,275,219.02
429,539,289.46
1518,991,181.31
2792,671,181.01
1649,922,275.19
3930,756,238.01
1294,465,273.6
2474,510,52.8
176,480,90.2
2807,161,241.43
33,431,232.44
1988,738,279.77
3278,951,269.58
3570,305,271.53
3960,719,106.83
2370,510,131.26
4693,755,113.94
4215,716,290.91
2241,810,95.84
1396,718,53.69
2395,459,104.08
1416,175,274.42
3442,914,121.4
3197,854,169.23
4122,121,214.45
1221,84,120.89
4237,367,119.63
2781,387,201.67
3543,444,225.44
958,384,51.87
3669,31,192.04
4730,650,97.71
3095,964,239.79
2341,236,269.47
35,574,134.37
3496,224,159.06
2078,536,60.36
3814,799,130.63
3996,776,75.1
4818,884,82.76
1937,533,73.27
3450,724,58.61
4460,129,84.68
3047,748,130.69
1512,246,93.03
800,40,168.78
41,631,210.92
46,746,267.58
4893,132,87.96
1749,832,149.83
1587,541,103.96
312,343,135.62
162,813,72.77
1440,198,232.09
4021,324,89.38
789,911,116.43
1730,445,221.05
3901,902,72.99
4451,551,58.61
4167,792,152.8
1434,568,239.56
3113,297,62.26
2826,240,241.56
2819,466,65.52
1539,742,67.89
168,311,96.43
4338,916,54.95
2963,366,237.87
3463,652,210.07
2805,423,276.39
2332,499,64.93
4792,39,64.07
2629,197,197.93
3754,572,198.71
2130,550,131.7
3425,289,219.98
2396,376,155.82
2153,618,192.63
1225,528,140.45
4549,698,239.98
144,196,133.87
1500,238,188.3
3866,116,167.24
2562,264,201.81
967,943,197.38
1397,756,99.41
4960,683,222.01
2074,446,83.26
284,886,61.84
2144,690,248.39
306,379,50.65
3714,368,62.81
1818,641,223.71
4182,244,185.77
986,525,199.85
2933,971,60.22
2495,745,88.95
1901,531,229.38
1207,874,89.19
952,769,50.59
3545,195,295.19
4246,242,119.82
1119,128,140.15
888,195,98.62
2780,742,234.24
973,10,140.98
277,980,105.3
524,857,288.83
86,631,218.76
2825,340,132.74
194,164,298.99
4383,782,165.29
4887,544,137.01
2047,194,188.01
929,209,127.69
2163,527,277.52
2199,184,230.04
4436,729,270.9
1345,834,262.43
3602,274,218.93
4627,482,114.88
114,935,190.19
4143,369,246.92
2082,309,241.52
3939,44,197.65
1557,838,224.72
4633,906,106.23
3461,685,207.3
1821,884,89.68
2635,643,136.67
4094,103,113.94
3686,803,195.85
1947,205,67.54
223,999,126.38
1356,969,76.46
4637,732,252.32
2832,635,153.13
946,805,183.3
1734,97,93.6
2203,841,64.73
4825,968,169.43
3953,221,50.44
3941,921,93.11
3908,744,124.41
4319,463,112.1
1452,505,289.67
1939,852,198.42
1616,613,94.0
1919,385,170.45
618,50,281.91
535,281,140.79
4480,273,265.83
593,636,166.93
1458,148,223.45
3107,937,119.56
1813,790,106.91
4728,230,292.87
2886,709,195.84
2762,902,284.82
2292,724,283.57
4212,579,202.95
4784,741,75.56
918,584,139.87
2672,901,112.96
1120,947,96.06
4552,391,118.73
3376,199,185.35
1887,567,140.74
2579,794,133.77
4362,351,218.58
1218,822,251.0
2391,864,128.4
4263,530,188.93
3903,187,157.45
4230,353,240.67
1773,522,274.25
4161,482,298.3
3593,964,133.71
597,367,121.56
3043,497,151.99
2587,402,87.33
4500,69,128.91
2669,966,140.32
4312,247,265.35
1067,666,158.13
2784,687,67.89
4719,113,181.2
4605,765,182.39
2756,561,68.7
2288,227,50.1
4010,555,285.26
404,968,53.0
1595,125,92.18
4695,550,131.81
1062,564,248.01
564,324,78.81
3382,326,59.35
3970,267,170.41
4456,655,71.38
777,553,87.16
1131,785,117.65
4887,612,223.52
50,224,121.91
2622,988,277.01
449,458,168.43
2245,772,80.48
1840,952,256.47
2357,195,238.39
2307,603,215.08
3237,739,198.3
3646,678,99.59
996,452,172.73
1073,672,294.65
1749,726,266.1
4578,99,293.34
2001,388,159.58
2495,371,126.19
4606,548,290.76
3197,414,121.39
4506,381,66.67
3188,594,248.78
386,536,227.17
773,393,209.51
71,646,119.69
1700,554,52.47
1176,517,165.03
1859,281,155.9
3836,643,107.78
451,5,144.15
2740,417,263.87
3301,713,196.58
1649,858,90.09
3240,474,296.41
530,234,111.95
1015,986,202.67
2725,28,147.22
4191,467,109.86
3900,520,86.3
2088,612,151.42
3655,608,221.37
3369,251,51.95
3479,648,96.02
4626,516,276.75
2958,387,275.97
1423,114,118.23
3112,36,275.03
1771,568,203.62
2872,320,173.28
4852,455,120.9
4186,594,194.53
934,71,110.72
2541,220,59.39
2191,107,256.04
1884,859,174.42
1423,235,280.04
3596,536,202.45
2254,163,146.87
2180,628,92.11
4322,347,67.61
848,943,299.63
4425,768,244.05
3678,16,216.57
1426,654,278.68
4822,175,192.59
3278,82,194.6
2927,269,285.08
1242,200,176.18
1393,598,128.75
1349,528,222.24
448,46,148.26
3975,545,244.2
752,723,154.67
2228,123,117.97
4118,72,251.79
4348,497,188.31
1741,944,163.89
3599,150,164.3
812,215,174.16
1559,378,230.95
392,272,270.27
4979,256,177.67
1355,319,225.75
4285,599,181.64
2769,339,143.08
1659,730,226.19
3586,332,297.76
3904,907,281.35
3594,156,105.13
4888,74,50.26
4559,838,203.3
4721,82,265.21
1677,491,235.93
2778,243,56.77
1283,860,288.04
339,237,59.57
2226,935,142.04
3107,455,169.9
3172,813,92.03
1197,39,251.68
2340,956,96.05
4316,154,227.81
1002,968,230.73
744,178,197.07
1346,512,122.04
3710,115,77.91
4241,505,180.87
3955,148,158.89
22,193,95.86
357,937,152.83
3247,61,208.39
1103,498,101.14
4853,480,216.18
2926,649,75.67
3647,934,184.0
1170,407,194.51
3668,993,263.5
4884,732,297.18
4357,986,163.12
3431,757,116.76
2,601,201.39
1877,161,252.77
435,833,132.08
3101,249,192.54
4149,929,223.01
1745,207,100.27
2254,84,61.6
3026,600,128.09
1271,58,245.57
3930,747,286.94
4073,237,128.25
1848,749,50.76
2770,270,251.14
3673,532,208.79
3048,480,270.96
1052,815,171.41
2330,200,165.68
3268,254,268.26
3001,139,255.88
3520,704,90.39
4989,623,272.27
70,196,59.83
737,659,198.0
3605,24,206.01
963,184,248.74
4275,758,293.13
2896,732,86.35
224,784,84.84
857,431,76.58
531,941,136.26
937,131,145.95
3528,191,287.37
3344,370,253.61
2152,170,202.45
2540,989,291.45
1184,947,157.39
260,562,180.13
4461,480,244.5
1832,350,60.66
1037,375,121.2
2786,614,194.28
577,619,104.09
3364,325,283.22
2769,381,144.39
900,491,100.85
1318,250,98.5
3527,733,108.46
3745,138,199.49
2461,938,250.86
370,447,119.11
3157,907,56.68
2882,150,239.02
1240,717,162.83
3822,213,175.71
3592,956,109.81
1742,591,91.98
3349,969,265.35
2829,408,271.56
54,978,172.93
673,461,56.73
4143,426,152.07
4759,429,290.28
992,214,248.78
264,936,71.05
701,681,234.45
4469,74,259.34
4433,380,158.38
3514,110,122.79
2973,695,226.9
1187,803,95.47
4029,970,270.19
940,145,153.52
4434,201,268.24
4126,85,195.6
1802,554,84.42
4534,553,146.65
2380,302,172.72
202,300,246.2
3715,635,174.77
3479,395,97.14
903,118,259.94
457,297,139.8
3433,922,141.44
2683,195,174.75
1540,675,64.19
4446,561,235.3
2916,137,294.04
32,10,252.21
1854,84,266.53
1602,277,118.18
1269,333,196.69
1950,960,287.41
950,701,87.78
3135,827,264.65
89,143,153.11
1182,980,231.05
4086,2,283.26
1176,640,107.84
2931,953,163.81
2566,37,138.1
1838,503,176.24
4362,287,182.45
748,351,254.39
1006,57,203.0
3068,261,169.78
2878,100,55.93
899,604,165.85
3320,189,255.0
4725,352,66.72
4790,747,132.69
4568,634,76.78
3023,905,294.92
1543,302,112.41
2319,523,117.71
1426,656,264.92
2014,826,233.6
1644,1000,281.07
3273,908,226.86
4812,68,265.76
3053,87,87.22
3362,842,51.17
1473,71,95.17
4243,362,67.41
4972,471,250.03
2105,284,242.5
4049,725,144.07
3514,152,243.84
2106,886,61.32
3794,206,73.01
790,980,108.72
973,135,237.13
1322,23,264.31
3027,744,235.33
1268,726,249.82
1782,947,103.95
1499,595,182.57
4754,369,239.8
1157,77,272.94
2095,131,211.19
1764,785,277.27
3632,450,268.39
3802,861,193.28
2519,543,261.23
3976,196,59.34
3312,216,164.93
712,336,143.28
4485,73,281.25
513,392,63.27
1110,382,185.52
4864,779,64.6
2761,988,216.26
923,906,223.3
257,62,223.69
241,54,66.53
4489,84,198.42
1234,44,115.23
4408,913,241.44
3929,915,72.6
2905,592,219.33
3863,561,242.11
2718,473,119.23
4922,87,162.23
1983,24,203.06
3545,925,124.45
1426,106,231.74
262,234,171.72
4565,200,92.16
3538,885,283.99
3871,48,173.49
3100,659,90.11
400,878,81.26
890,742,213.3
4690,87,78.49
4411,406,232.56
263,765,188.35
2460,191,177.79
4264,100,154.83
1432,917,243.12
4310,741,168.71
4970,262,247.86
2587,380,55.8
3129,205,148.29
2210,164,80.71
682,833,213.9
2760,79,90.06
4336,878,168.0
114,497,210.98
2103,977,85.07
1454,531,222.72
1127,173,183.18
72,271,235.53
1591,802,208.74
4560,219,273.93
3373,952,130.52
4735,745,277.99
454,309,204.39
2529,38,245.03
976,125,70.53
582,723,250.94
3813,177,58.11
4852,512,220.49
1390,933,175.02
2329,98,244.06
723,884,137.22
4646,114,108.98
3605,376,189.93
327,618,177.2
206,328,133.53
3056,319,180.14
4830,874,90.17
2765,786,272.02
3676,148,285.99
4737,767,217.87
2299,986,260.87
1655,655,223.7
2160,827,160.23
418,490,88.79
886,329,133.79
1524,357,221.46
1381,537,250.74
1040,244,72.58
2427,124,89.22
4517,885,130.24
958,619,111.3
3110,797,283.64
4156,384,101.03
4656,936,234.56
2072,835,275.47
4468,656,163.11
3309,633,243.36
4927,123,294.45
4285,656,60.8
286,283,284.22
1980,586,75.56
3281,692,163.95
3518,110,179.58
754,802,62.61
4626,23,162.98
2501,702,68.88
2735,640,225.52
68,999,250.69
122,710,192.63
4592,375,240.56
3821,269,159.89
73,296,228.41
4985,306,110.18
1033,109,116.68
4444,396,291.92
1384,43,175.31
470,117,91.47
2724,77,125.01
2311,433,229.97
4707,254,284.05
205,573,192.69
3968,817,56.93
4081,465,87.63
2565,434,186.73
522,923,167.33
2408,487,91.81
2561,729,164.98
4589,612,137.14
2944,467,68.37
4358,450,293.02
4554,96,145.24
1756,975,258.26
1393,923,65.69
2492,77,201.2
4211,696,249.95
950,582,289.51
1216,701,234.95
4216,222,57.97
3896,806,73.85
1325,644,231.8
1382,626,127.77
4475,338,225.68
3193,16,254.16
2969,537,238.37
3635,886,252.89
3610,304,179.3
4026,219,185.84
2740,421,175.02
1372,288,168.3
2745,270,157.19
2741,794,216.3
350,536,219.62
1558,451,145.43
3426,79,295.27
1456,403,294.8
2668,437,279.62
2690,950,198.5
4774,233,272.35
2711,743,192.72
4006,775,274.1
3678,946,166.82
3925,823,105.41
1380,650,68.72
1126,245,150.52
3977,195,168.41
1208,314,132.24
1598,994,206.99
1799,984,145.3
2773,732,124.73
522,252,237.15
463,611,151.54
1280,604,116.71
292,958,283.97
1383,22,213.21
3922,380,80.08
3729,251,273.6
2440,936,188.95
835,604,186.36
378,624,166.79
658,907,133.62
3732,377,116.85
3140,502,294.65
258,973,279.89
3802,850,61.09
1868,831,218.05
123,748,126.52
2852,449,280.52
1536,543,61.04
207,338,167.15
4417,601,146.34
3828,206,204.86
569,461,51.94
197,818,163.02
4190,558,261.02
4553,381,139.13
4465,268,203.57
4303,206,177.95
2562,996,214.55
143,474,83.15
4931,943,268.7
616,923,114.74
1354,623,229.75
3131,924,186.19
2532,70,283.12
1472,90,275.85
1133,395,244.17
2958,178,163.43
2118,201,216.69
1292,388,243.37
953,693,206.81
2979,8,138.42
3043,932,256.99
4567,787,117.17
3541,391,206.91
865,967,113.07
708,754,226.89
1851,917,280.9
1035,102,73.84
850,285,129.65
2815,822,191.48
2736,263,285.05
2663,953,69.01
2854,255,54.03
364,247,183.58
322,287,171.22
4267,508,190.16
110,781,286.89
4170,53,238.83
3191,412,223.07
4615,854,97.02
2657,212,262.85
4169,996,59.76
8,891,220.51
1609,700,199.25
4895,578,205.78
874,776,60.38
2236,569,272.23
794,524,141.75
1477,517,177.86
128,434,171.2
2125,738,181.75
3799,123,86.04
136,29,176.53
1693,815,109.51
2672,318,109.8
1648,520,194.63
178,376,160.01
2041,222,299.17
3902,665,207.17
3646,416,104.9
3811,254,115.22
607,674,216.59
717,253,65.83
473,795,288.91
1758,405,191.37
1075,900,72.95
2427,5,199.9
4025,75,283.79
2824,873,169.41
3367,563,226.37
1498,185,108.13
1336,123,134.39
1622,251,200.38
2081,765,145.18
4692,474,104.09
1010,138,60.53
4314,70,172.25
664,898,292.71
2455,868,156.44
4538,946,244.0
3086,213,199.85
138,559,114.56
2177,594,128.51
1461,949,107.97
4749,900,232.74
4413,951,289.83
835,672,88.1
3850,959,233.68
2064,838,204.28
4326,430,123.62
3498,507,69.61
3195,506,101.85
3900,258,238.64
2152,429,184.23
2581,283,72.76
2478,599,246.52
907,632,103.34
2610,984,279.24
1898,24,109.01
4060,395,115.19
1699,80,201.35
2878,425,236.88
2022,440,127.27
2311,314,225.75
2544,256,125.52
3865,277,293.65
391,873,223.88
4995,767,259.98
2584,823,130.25
2869,992,204.04
2375,420,271.8
1397,738,298.96
502,825,138.48
3982,983,197.32
4119,988,125.48
490,707,52.95
2308,780,71.57
1771,548,227.0
2511,321,144.6
477,364,122.39
1569,333,245.37
3599,814,251.59
2515,736,200.74
1422,808,271.98
1800,202,131.65
354,415,112.68
165,250,96.04
1598,741,165.08
2862,965,151.23
182,604,241.0
1035,520,148.6
1338,292,99.36
3960,419,170.64
4211,1,264.42
4813,335,258.98
1721,30,114.76
246,481,166.91
2000,798,52.08
2256,458,228.61
3429,123,250.53
3937,4,164.75
1910,989,80.66
1539,524,209.89
3335,838,55.21
1805,414,287.9
2410,265,216.91
1474,580,115.69
3212,889,277.63
2463,801,255.07
792,896,101.37
33,844,285.78
1012,899,136.6
4954,179,244.15
1340,701,109.69
2850,392,77.7
576,719,285.42
4189,763,207.61
691,965,192.72
1959,342,66.21
3227,271,205.98
2311,6,221.72
1579,57,138.33
1660,948,201.69
1154,322,252.41
323,165,143.77
4729,303,252.46
603,973,191.03
1846,586,265.3
1111,891,251.38
808,853,108.89
4543,69,178.82
4900,77,52.15
2742,579,135.47
212,455,119.0
4159,79,211.48
4706,477,249.63
2429,762,138.51
3555,49,136.57
1378,309,103.95
725,158,82.26
2719,982,129.05
2065,192,94.35
1626,788,69.98
1927,258,136.78
536,636,147.4
4600,845,227.13
2683,241,125.58
4396,786,287.54
4289,431,130.46
52,186,174.14
4373,923,234.73
1704,721,70.76
1957,901,267.39
2405,539,290.96
3267,9,238.28
754,54,260.97
88,230,272.54
3307,347,101.54
1853,965,268.66
2315,730,257.81
2791,201,185.71
1343,570,59.08
1706,393,264.79
4625,972,122.31
1172,459,180.49
2825,953,260.94
2828,204,245.1
1790,737,106.98
4047,214,189.55
1726,981,187.59
245,190,88.22
1574,331,171.12
4033,171,167.41
2840,830,86.67
1238,237,100.18
2055,496,176.34
582,835,199.73
444,147,204.28
671,540,257.79
3751,313,131.67
1037,368,75.4
4539,285,58.15
3613,793,152.2
56,388,233.46
3866,421,138.13
929,956,121.8
2305,913,259.44
3052,204,109.03
4366,478,96.59
2170,459,89.11
1220,876,195.43
4131,840,58.4
655,838,234.0
3950,536,203.26
4106,783,134.65
2309,510,73.65
1881,477,250.75
910,17,162.62
2114,419,265.13
933,674,113.64
4090,142,282.93
2938,344,253.43
2473,244,86.41
423,279,261.44
3743,448,156.12
424,918,163.31
3115,916,127.01
1525,670,162.86
2553,883,62.15
2317,118,165.35
4483,194,133.11
44,404,58.09
396,38,292.01
556,27,73.01
2949,294,59.69
2479,116,138.89
870,860,195.1
2503,244,148.13
2365,14,96.92
4751,130,62.84
2760,809,184.85
2168,934,126.71
3993,451,223.13
300,451,198.39
700,570,55.07
2071,183,189.28
4973,889,262.78
770,750,238.43
2234,362,267.05
2996,648,250.8
2815,758,87.38
4122,615,92.76
2766,307,83.63
3350,772,171.19
2035,502,186.15
4850,795,51.84
848,683,128.62
2857,58,191.46
176,290,61.62
3844,462,113.57
4831,903,189.06
4718,208,227.71
600,702,243.14
1279,761,176.6
2343,897,214.21
2921,608,182.04
4080,567,241.57
4192,808,260.05
967,122,60.04
3878,352,273.88
328,135,85.96
3339,74,145.67
3495,816,169.79
2196,325,230.23
1538,59,75.68
4955,686,285.58
4471,573,160.33
136,315,241.2
2744,544,68.77
4023,73,186.84
3899,303,273.74
927,63,279.59
1862,48,63.33
4221,704,147.49
4109,234,142.49
4534,935,277.91
3830,819,226.68
4152,604,195.9
4307,892,171.76
4990,922,265.35
1743,706,218.64
3790,602,195.79
3592,883,299.07
3605,556,150.16
4711,460,55.95
4241,245,65.18
3970,196,159.39
2142,573,161.39
3692,188,77.4
1980,282,199.79
3165,671,204.93
4607,487,143.7
3669,204,231.27
4067,479,82.9
3667,545,119.5
3171,866,57.45
433,793,74.35
2219,419,180.94
2915,388,264.1
4366,667,128.55
4801,595,265.91
4514,767,166.19
376,380,178.96
1924,363,155.17
2378,304,174.68
4449,786,78.59
2226,701,150.38
1819,17,262.54
4111,269,243.29
2013,822,188.15
4570,968,295.4
974,635,140.67
3525,559,251.09
879,748,79.39
1746,599,116.78
3527,110,254.73
1212,399,236.73
2956,523,201.28
4747,722,190.42
2752,464,247.59
3860,929,70.27
3285,698,245.97
2371,772,247.52
2858,890,144.82
511,702,87.4
1462,143,108.48
2587,23,236.65
61,358,119.86
4704,917,129.19
4096,280,137.18
3743,879,183.88
1418,975,252.27
2467,79,294.8
1668,103,213.94
4114,270,144.58
2520,319,73.68
4578,404,234.75
2093,511,277.99
2433,845,101.67
1289,228,270.14
3996,170,56.6
1031,54,87.36
1036,169,118.08
3570,183,265.19
3193,196,61.27
2291,509,215.16
2519,107,163.09
3926,168,105.82
402,906,264.34
61,613,203.07
1525,417,96.46
4510,633,138.85
4422,520,159.97
2760,206,162.63
4353,649,245.76
3025,854,153.61
972,655,277.83
4499,888,163.91
1677,178,220.75
180,197,64.27
3258,567,248.28
112,965,131.02
437,496,130.4
3453,779,246.72
3286,787,157.23
4201,120,77.73
4335,120,142.36
1382,122,65.84
299,912,273.15
3938,420,142.89
3554,723,289.99
4163,767,254.21
3033,169,103.83
1164,20,172.61
646,848,97.9
4498,649,110.84
1636,540,186.02
483,332,60.5
2848,803,95.1
2356,600,271.17
3787,493,82.84
807,163,127.49
1639,959,208.31
3755,689,137.44
2156,660,248.29
4890,62,127.43
3505,514,285.84
100,163,158.52
755,94,231.14
1075,449,235.81
1887,364,244.81
1821,10,114.4
4,576,148.38
4701,432,112.91
2598,870,271.37
765,408,179.21
3836,627,136.12
1284,744,74.03
150,815,118.58
2371,827,182.81
3812,684,124.8
1930,855,136.84
1201,157,72.46
1310,329,156.56
4343,27,121.45
859,164,209.86
454,115,127.65
3714,233,65.06
3879,566,244.22
2604,432,149.19
3263,68,267.63
2199,612,220.36
1187,114,50.59
1278,269,218.53
2009,488,80.81
305,931,204.0
4992,328,225.51
4040,110,174.65
3467,477,229.9
2173,330,286.53
4554,102,140.98
240,950,188.61
722,172,294.13
999,938,136.95
2933,728,298.62
685,290,292.08
2099,273,298.23
115,662,280.71
4052,241,129.54
892,704,242.49
4796,924,208.96
4953,90,142.3
4374,413,164.52
2362,215,80.24
3680,490,96.25
1500,479,280.2
2422,202,278.57
1782,579,140.05
3513,498,94.97
4049,478,123.76
685,653,298.27
642,17,229.92
358,258,77.19
1593,764,266.13
3355,676,120.81
3983,770,110.55
3482,488,285.89
2167,218,188.97
3048,906,219.04
4250,481,225.38
4084,943,127.75
2926,391,293.25
1310,718,240.91
314,982,112.66
2722,103,174.34
2262,347,67.66
3511,263,237.2
3163,748,210.59
2036,300,120.75
2123,188,148.67
3298,155,134.97
3707,848,162.44
3550,901,292.81
1937,708,217.65
2907,391,223.86
1575,477,88.29
4536,33,297.14
1252,726,97.25
1563,322,88.07
3887,792,54.19
4794,944,275.57
427,468,53.28
1987,542,264.19
3976,433,271.73
4731,780,269.91
1020,460,161.52
3150,125,51.57
1185,39,150.82
3,527,281.25
1857,553,201.52
789,160,209.29
1169,152,78.3
1434,864,95.16
3015,58,265.3
2349,197,84.11
389,226,129.53
4744,318,60.75
1820,792,141.8
3099,816,298.29
1289,338,216.65
2028,677,248.63
98,777,58.25
3216,290,110.82
150,186,122.75
2629,264,244.89
3525,816,94.29
939,117,114.52
2373,688,71.5
2932,423,74.67
1797,986,276.94
4405,986,203.28
560,821,58.65
539,240,219.66
2128,224,296.32
2012,278,140.59
264,678,199.08
1398,644,232.89
2378,106,247.2
4496,471,209.93
3682,483,187.4
1816,110,242.84
3235,437,292.34
1509,596,156.34
1486,878,161.43
792,955,137.01
2770,751,115.45
4432,836,106.54
1326,596,152.27
949,380,260.46
3622,967,93.37
81,570,52.52
984,78,258.31
2228,175,131.13
1860,422,101.37
4251,882,92.61
521,963,152.94
1696,930,273.72
1352,891,291.64
4146,721,52.48
4268,418,272.89
1059,265,207.85
2784,110,293.82
98,227,289.67
3147,687,146.5
1636,771,100.51
1309,147,297.18
4518,485,52.59
4845,550,245.94
6,530,136.96
688,335,288.07
4263,208,65.64
1054,513,239.97
2649,837,181.71
3976,380,231.63
2911,56,87.63
2158,721,134.33
2406,5,217.91
222,777,131.11
3296,476,120.74
1555,283,106.44
3723,176,243.35
1180,113,138.88
3034,368,149.4
347,297,138.74
3949,115,251.1
1645,334,193.33
657,193,220.97
4125,48,264.37
2690,945,72.56
4699,54,154.66
2507,743,95.49
526,649,190.3
2762,969,268.18
2168,496,263.62
3605,197,297.48
1395,280,114.33
982,636,123.17
990,460,228.53
86,727,103.27
2205,270,64.52
4326,115,143.44
2157,458,58.36
3257,22,156.02
3353,484,232.41
4670,763,188.19
2581,907,86.25
4752,573,201.86
2207,400,194.21
4197,472,89.07
367,201,282.59
2359,161,82.22
4642,822,103.55
177,40,179.56
3939,850,123.77
1416,702,209.0
3403,318,152.31
1782,5,291.25
356,456,83.5
1329,962,207.06
4838,589,100.81
1117,261,89.55
2288,752,227.55
4715,411,168.75
3613,397,119.34
2835,103,243.84
108,219,137.56
99,399,249.41
2564,283,236.75
1809,609,128.72
2488,409,256.17
4796,605,104.34
570,105,263.29
2709,758,79.92
1016,865,275.54
58,344,188.55
397,564,80.93
2388,70,183.74
231,945,237.15
3713,735,186.83
3171,186,204.26
2286,961,264.55
3055,240,199.1
4108,510,238.12
4106,400,82.2
4050,276,249.34
455,811,256.46
1771,488,137.38
2579,661,186.36
4978,487,71.54
700,763,256.23
838,175,54.06
1312,997,64.72
3206,651,290.05
3601,655,277.45
4303,698,288.09
4853,613,75.56
4452,269,89.98
615,776,144.69
1127,399,230.84
4975,458,80.32
2681,133,66.24
2034,322,163.78
2011,338,161.74
3391,939,190.71
680,245,286.93
2378,216,73.49
4357,422,153.44
3868,194,125.02
2987,445,185.09
328,436,189.26
2944,785,297.4
4755,404,219.22
388,194,162.18
1950,341,130.92
2074,636,106.84
3288,679,142.63
1134,428,236.71
2006,586,250.29
2561,579,203.58
4337,951,202.48
4351,68,62.31
206,688,245.69
2647,511,198.05
3335,94,182.03
556,20,215.04
3142,453,74.21
3508,22,187.31
2121,586,210.78
1238,727,161.55
3896,548,106.74
167,329,82.68
35,698,117.98
2192,237,287.39
1834,492,149.25
2807,769,184.0
3180,48,272.25
2405,466,251.28
3263,985,213.08
3125,526,140.78
3780,228,266.32
2671,63,138.58
4486,619,60.57
3112,708,272.88
1437,132,206.08
2293,238,207.92
1213,279,97.77
3090,518,219.63
2302,960,90.56
3601,468,85.77
4927,604,262.39
1570,782,277.8
4629,681,67.13
2829,891,66.46
3025,308,184.26
853,875,113.49
2369,88,279.07
758,759,110.87
3980,393,214.67
1182,40,86.64
3410,994,50.14
3804,167,193.97
1451,164,153.54
972,351,261.73
1057,395,189.12
3767,406,152.1
2793,429,244.4
1439,985,276.57
4202,297,91.03
3766,935,293.74
1157,747,277.82
1177,167,140.91
1774,157,282.65
3097,547,145.66
4868,279,246.75
2622,668,96.49
4433,58,62.11
1730,6,171.75
4116,122,120.68
2169,807,108.46
3413,379,112.35
4059,756,223.66
3670,715,131.9
4867,929,274.25
3125,97,164.35
4606,107,127.66
4979,352,181.26
3628,425,81.39
4784,113,282.46
933,722,98.75
2617,566,169.08
4102,429,64.9
1842,691,66.73
1478,643,60.48
1219,419,130.58
1907,2,296.73
3741,837,55.64
3942,369,206.59
3009,393,249.65
3501,626,60.11
1677,479,274.81
4984,709,203.29
2950,752,119.72
1272,430,149.72
1762,294,147.83
3983,77,116.63
4086,727,173.78
2225,469,72.84
4451,596,117.76
793,553,112.25
349,805,214.81
3957,734,241.67
1315,369,174.36
1055,967,249.52
3228,975,242.9
1621,331,219.9
1135,559,218.18
221,633,297.42
2691,891,201.65
3341,973,248.8
4392,379,60.48
1696,195,260.92
182,533,187.5
773,449,290.95
3551,823,68.12
2296,604,298.68
1735,42,195.56
1184,922,260.81
286,711,54.26
4413,680,174.28
781,690,203.03
1851,338,237.07
3658,289,267.05
2842,605,58.95
2809,428,61.42
3759,987,224.03
4763,806,224.99
2352,633,217.47
4861,560,239.8
2877,949,209.44
4998,565,127.69
66,842,81.67
4133,760,279.51
485,8,155.3
533,951,119.64
4982,971,106.43
2523,986,280.89
1423,641,190.71
2309,505,246.25
4958,240,243.27
2304,282,74.37
2001,244,205.08
4385,994,165.08
3456,265,76.28
910,133,216.66
4809,9,297.96
2987,460,292.56
2602,97,254.87
4873,933,221.91
4466,774,72.43
4401,12,89.41
4108,204,90.91
1876,491,86.62
888,616,201.2
342,857,51.79
3875,841,287.28
4205,258,238.53
2061,658,134.39
2949,302,244.44
4648,949,247.29
1952,607,247.33
105,742,104.01
1366,483,85.36
361,173,104.28
2486,248,229.48
3148,633,119.28
3222,582,289.27
2141,250,77.16
162,229,239.24
2930,181,109.0
3249,163,89.41
1831,438,71.1
311,473,165.07
4777,662,235.48
4328,570,145.49
4739,141,104.21
2781,997,225.84
1282,381,276.97
291,760,249.68
938,342,191.39
2792,826,78.38
661,936,246.09
3319,757,231.97
4778,254,168.15
4034,739,201.19
1375,464,170.96
4886,955,264.33
1047,864,246.35
2272,194,213.25
2602,594,226.1
3174,2,64.7
345,70,172.05
484,643,74.85
2626,133,139.38
1090,574,256.03
3908,347,268.44
4688,687,250.1
2496,144,126.02
4165,646,258.44
2515,157,278.85
2291,449,233.59
945,829,186.55
1652,462,188.26
356,205,169.3
4937,115,243.29
721,303,233.37
4114,573,111.56
4792,636,78.68
1413,826,118.03
3580,787,81.11
3335,727,124.08
336,613,218.94
3044,26,137.18
1615,637,235.21
3863,65,217.37
3794,194,184.33
4737,592,179.41
128,31,124.63
262,785,261.61
4706,461,238.88
4119,664,141.91
1586,57,106.45
49,906,177.17
1969,532,228.67
4708,241,116.69
2941,399,212.55
4866,827,167.97
4052,839,231.07
4704,536,163.29
2959,453,124.85
603,970,249.75
2075,406,144.22
4441,18,166.34
4179,18,62.9
2083,122,149.79
4185,708,189.19
4162,724,108.48
1605,433,287.66
4204,842,132.51
2099,187,136.43
3262,854,125.6
4126,370,182.52
1822,552,99.51
32,992,216.59
789,971,169.75
3478,334,297.08
1887,425,54.77
1346,744,117.93
754,869,158.4
2834,942,265.19
157,61,91.83
2834,124,257.78
2853,891,207.87
2173,149,183.94
3076,411,209.05
3279,245,85.77
4583,851,194.45
3351,350,87.72
3314,468,244.59
4453,512,282.97
3597,527,161.98
1967,660,219.01
3096,245,243.85
2822,945,260.13
2679,896,226.86
4980,379,91.14
343,345,151.64
4030,42,285.19
2349,203,290.09
3892,337,93.77
3833,925,243.66
1553,498,148.33
4906,844,66.88
4757,492,135.5
1298,393,261.66
2487,29,51.02
3644,356,151.99
2059,262,106.78
2308,966,211.29
176,474,288.88
694,134,256.98
1833,444,81.5
4356,40,167.94
2848,543,201.04
1480,935,117.34
1913,265,109.81
1188,763,250.41
2805,846,112.63
4269,421,293.56
2169,635,290.89
2719,779,64.26
795,953,262.13
611,378,119.36
547,888,151.68
4040,305,63.89
1923,579,252.78
3735,837,89.14
2018,587,265.53
2642,451,122.77
2210,528,147.35
2318,327,113.69
3641,192,267.42
2460,905,204.67
4719,226,96.93
3456,375,248.44
2427,462,185.87
658,22,171.78
1546,484,190.52
3914,206,155.19
1649,582,75.51
2053,931,189.94
3192,975,52.95
2840,35,248.0
3629,195,112.8
1696,815,277.45
4923,756,231.12
4073,845,189.44
3613,335,180.78
366,156,124.15
3662,493,247.08
604,967,217.92
2297,402,198.38
3601,217,195.29
1127,779,244.51
4698,530,241.45
3110,919,90.81
680,962,92.56
4536,202,173.79
3108,994,95.25
1168,901,217.04
4845,664,285.11
3441,93,293.45
1277,26,146.8
4680,489,261.53
3133,879,251.3
4184,322,209.28
2112,827,250.83
338,43,209.89
4104,787,104.86
3897,228,62.2
476,687,188.87
1866,542,243.94
1017,745,299.39
1196,747,266.3
1190,673,215.55
4574,857,255.93
3842,679,293.69
2147,188,263.1
4323,457,57.23
1105,979,83.56
4757,197,261.35
2938,128,112.63
4834,151,215.26
199,355,222.94
2485,304,298.54
3756,238,267.71
2176,717,115.01
4132,983,223.01
527,76,125.81
1289,399,116.29
193,725,218.28
1986,741,208.61
929,995,195.92
4184,806,282.86
4815,380,251.12
4338,455,295.23
2629,554,102.48
4974,144,142.59
80,905,111.33
1846,559,80.81
910,874,171.42
4149,411,213.0
1210,348,71.39
3726,722,295.36
4589,50,104.59
520,22,230.73
3532,75,112.21
650,546,143.71
1481,703,197.73
3459,499,61.12
933,605,212.39
1609,888,284.72
3149,724,61.28
1974,757,278.37
398,446,148.89
342,780,175.43
1764,883,199.31
4002,81,276.37
2190,991,153.59
1178,5,128.75
1665,352,96.03
792,198,80.88
3832,838,82.41
4783,831,193.27
188,205,63.91
1640,709,185.76
3828,86,295.87
2730,568,182.64
3843,852,244.29
4304,15,155.84
2440,240,190.33
2209,573,231.19
3890,146,74.22
1682,827,199.3
2180,286,144.19
2491,178,202.81
4576,595,289.36
217,734,183.16
4176,890,227.42
3114,800,254.82
1882,70,240.64
4660,185,131.38
656,552,274.25
2199,420,274.17
2280,116,65.23
3833,672,297.77
4925,375,183.16
4221,259,128.59
2844,279,127.44
2092,186,81.85
1789,148,271.1
3616,795,214.22
1117,738,175.89
2944,402,163.73
1892,771,184.03
209,519,90.63
104,991,211.43
3547,816,237.22
3297,116,158.85
1929,20,236.17
1809,857,287.72
251,637,243.12
2510,941,100.22
2950,193,190.57
1403,620,227.62
3026,942,186.37
557,828,261.17
645,123,63.63
4461,230,86.09
4247,917,236.18
2671,606,193.09
4727,322,221.13
2681,247,204.09
2934,427,294.67
4243,394,147.36
4897,918,57.78
2070,93,57.19
3102,11,127.56
2311,155,126.14
4429,520,255.81
4847,279,272.06
194,200,228.94
4598,743,94.42
520,895,231.78
4355,463,157.61
3169,78,219.74
1209,70,182.43
4408,703,101.51
4490,772,163.78
3414,30,96.78
2581,29,117.06
170,85,117.49
4086,544,194.08
3516,428,267.19
4461,835,172.02
2186,294,223.83
3922,557,129.47
1845,230,127.65
2736,172,54.9
3335,208,180.92
753,153,83.71
1382,361,260.08
215,514,105.05
3615,383,297.97
4969,352,53.17
4922,11,117.24
1556,369,269.08
2786,43,114.85
1366,245,82.74
1426,30,249.47
3101,283,198.82
1826,903,82.81
2822,639,76.69
2302,832,171.4
3741,91,118.38
838,210,121.0
2727,752,285.28
1015,846,73.44
3081,691,251.41
3986,797,182.49
376,566,159.28
2365,255,117.99
1374,900,88.73
2411,896,259.4
922,739,226.58
1427,911,129.03
2325,829,185.87
3348,173,264.98
2429,132,155.28
623,298,80.35
4601,669,153.65
1157,619,194.4
4595,100,221.0
4546,918,232.22
2853,22,243.56
3410,879,180.42
4029,628,71.72
498,653,179.31
1472,401,117.01
4160,64,164.77
1804,968,125.65
2142,209,62.52
1178,691,113.27
2100,966,108.77
3208,906,50.61
1654,391,157.9
3236,187,254.19
1763,297,227.36
1747,289,135.18
4479,59,140.46
2880,30,198.17
1916,741,108.65
1852,985,131.12
2901,89,63.22
1243,648,160.49
3130,555,156.22
4731,401,296.38
997,592,209.09
3330,845,104.9
2502,205,166.94
3104,44,275.8
2971,912,196.63
4614,984,134.58
94,37,170.76
4489,989,214.71
33,966,137.85
2545,696,76.33
3070,783,120.74
766,965,58.77
4639,411,264.02
301,902,78.61
1283,962,284.84
4565,876,100.31
3175,984,255.1
3424,493,217.36
1120,675,50.59
760,369,72.12
1796,177,136.42
3958,548,141.52
969,893,246.01
3745,669,137.99
2644,688,122.93
4034,543,116.21
4906,472,294.58
2344,655,172.94
1550,794,64.62
4942,839,67.72
4307,328,169.2
2102,489,51.43
3822,744,210.35
4245,847,169.81
2256,138,257.85
3075,995,235.02
3770,96,204.64
3743,865,128.28
4808,960,212.65
4187,384,246.98
2741,826,256.79
3881,277,181.02
1274,724,167.2
3158,885,275.67
1411,958,225.46
2792,764,56.98
1978,22,58.51
1988,481,293.57
4980,370,111.55
1518,37,252.21
2722,705,231.17
1035,563,100.22
3033,597,186.79
1059,920,116.89
2168,533,118.04
4540,485,221.3
642,753,105.94
3220,56,57.31
4589,791,227.2
1051,399,74.24
1223,920,56.21
3773,878,172.66
471,763,264.19
4891,45,184.63
4684,506,251.35
3698,475,80.47
1814,48,169.69
679,877,83.7
85,138,53.29
2299,736,135.97
996,998,122.29
4459,280,152.61
759,762,282.15
2548,659,117.81
3205,663,63.4
2717,845,181.13
1509,701,284.19
1515,223,126.87
2246,213,245.99
4505,517,188.74
4706,507,180.48
3292,29,104.36
402,87,250.85
622,356,238.68
742,421,180.09
2420,221,72.03
4892,818,165.66
2388,912,190.22
1758,516,278.41
4432,15,189.41
2915,550,63.7
2829,281,216.52
3885,785,146.92
4590,574,77.18
4719,230,100.8
3855,879,150.82
2982,496,129.79
2541,982,248.96
4731,698,244.5
1739,479,120.09
2551,394,107.44
4338,888,94.14
2632,238,282.33
188,154,219.26
1891,240,249.11
1986,248,271.83
4451,657,282.82
4267,82,233.32
3850,962,245.5
3045,528,274.8
257,109,70.22
2136,946,293.65
1896,476,158.6
1687,73,139.08
541,807,289.93
3089,985,274.11
1196,738,291.42
2273,133,231.74
3059,288,241.27
3496,814,294.96
3862,908,182.18
450,396,92.27
1718,554,159.69
515,754,275.17
4355,23,71.51
2310,587,94.15
4256,431,143.75
2836,108,165.14
4797,260,160.0
1999,136,238.89
4585,606,112.48
4488,902,141.45
3533,975,171.13
1857,726,281.48
4677,316,90.8
1182,264,72.13
1805,391,73.11
4133,337,221.67
1736,557,133.82
4236,987,133.34
4096,684,133.9
4829,269,221.26
567,526,263.08
3652,643,160.77
331,20,83.02
2173,679,129.38
313,646,272.16
4198,587,89.2
2441,201,54.63
1680,288,227.04
71,66,252.71
3169,122,290.28
29,69,287.94
4533,513,74.5
3097,663,289.32
3678,120,275.44
977,114,254.63
4482,588,66.26
2253,392,276.05
4148,190,122.49
1259,473,293.99
4335,403,71.38
3996,708,122.46
2251,854,200.02
3898,136,288.22
611,787,74.24
1731,589,183.19
407,499,275.87
1045,261,179.21
2698,792,99.61
179,83,209.26
428,558,182.04
3585,26,141.18
3509,445,102.05
3516,606,189.24
1809,485,238.78
4356,475,192.73
3433,958,255.13
2652,918,84.57
2066,3,154.88
3669,676,181.33
1644,310,288.16
3572,514,66.5
2150,118,295.1
1004,852,133.4
3252,509,111.73
3145,154,178.01
2460,51,223.65
4422,253,284.78
2696,412,74.45
3219,453,97.49
1151,619,295.63
2560,524,206.17
2251,183,126.37
1148,321,194.75
2999,571,113.81
4809,554,183.86
3181,53,102.46
1474,262,224.13
4731,900,280.79
1680,330,104.84
3888,854,193.2
866,463,243.06
3966,400,298.56
3787,923,98.05
4384,913,137.5
633,935,237.29
2900,605,58.4
2889,712,199.09
3565,177,70.95
4919,146,244.96
1137,589,164.47
381,17,212.85
4364,567,128.47
792,820,132.85
4055,980,192.55
4226,44,122.27
3506,657,294.02
5000,340,278.41
1171,708,164.1
24,22,183.11
3350,265,89.2
3785,422,157.14
1528,164,167.86
3802,776,209.84
4232,589,118.61
4208,3,81.16
4980,748,150.67
1755,62,117.82
3768,899,166.01
28,787,232.38
4413,4,282.36
2596,570,61.71
2490,817,271.25
3245,198,97.56
2543,680,70.02
4497,348,295.34
3709,561,245.17
1797,72,119.69
439,664,180.93
742,436,103.4
445,149,290.85
245,798,263.27
670,267,266.17
3705,38,72.98
2079,401,88.42
746,262,269.94
2341,586,227.33
2547,691,86.12
434,441,71.25
3037,289,235.02
4050,194,199.15
473,103,235.01
1289,137,166.01
4821,485,295.14
402,573,263.38
2914,340,234.92
2270,238,76.6
4395,313,265.06
2669,509,212.37
4651,10,193.26
225,388,264.66
610,724,204.46
4588,893,72.83
4949,118,261.14
2315,425,239.07
2265,833,247.91
1597,145,253.42
1780,266,163.6
3909,726,67.37
2562,238,53.33
4060,629,113.05
899,453,93.5
2695,538,194.72
3104,706,119.19
3913,323,142.93
2160,379,237.5
3247,462,63.67
1389,502,164.83
4717,791,242.85
4808,909,292.15
3171,588,168.45
1742,482,160.23
1374,86,293.82
3924,44,100.29
3750,157,153.26
3130,183,211.02
3364,121,67.21
3570,226,228.12
2191,200,240.97
2743,942,281.76
3956,935,249.4
4320,165,267.52
1718,919,279.15
2977,62,193.33
4787,274,244.38
730,815,220.47
4135,348,92.12
956,569,132.08
1255,865,250.6
3022,249,100.57
4257,230,210.96
1203,217,107.4
1841,208,77.09
1571,347,296.7
3307,647,201.8
3131,650,196.39
4669,440,133.87
3034,717,186.93
2008,321,208.23
4525,166,268.81
875,765,196.36
4752,330,154.2
1665,103,151.96
1881,401,167.78
3092,25,141.35
3013,900,235.79
2135,402,222.29
4091,705,143.94
844,526,156.15
4746,636,193.95
2165,52,53.38
1559,242,190.38
3707,944,178.58
2405,384,297.86
3626,497,169.73
2225,453,239.58
4372,287,204.09
4184,7,197.28
3320,656,184.42
2200,396,207.3
3258,973,97.93
435,563,54.62
319,617,232.56
3784,238,273.8
1843,243,279.47
1174,121,253.03
726,668,202.14
3902,149,120.13
1372,779,297.33
966,91,271.26
4422,242,230.01
220,99,144.18
3944,388,146.28
1696,179,272.52
182,746,57.84
2589,985,108.85
38,509,261.24
3186,157,270.52
4844,537,95.83
1445,718,262.39
2854,357,270.91
2397,118,184.63
3381,517,112.69
2192,652,106.84
1851,93,294.78
954,336,57.95
3245,858,64.82
3627,923,117.96
3025,360,286.15
3236,809,188.79
245,290,241.53
1902,31,291.18
3545,103,207.53
3260,348,52.37
4635,605,261.54
3819,985,95.79
3528,284,120.62
125,117,192.85
4212,687,244.61
4862,274,62.2
4885,901,100.43
3393,998,173.67
1256,162,200.37
2895,492,154.21
4519,322,185.58
4780,326,293.52
4114,502,111.43
2746,140,199.54
4944,434,74.0
2363,604,252.36
4918,970,205.13
1939,276,228.32
3064,422,263.33
3449,4,246.91
2100,904,273.66
4271,341,94.18
3710,947,116.94
293,27,269.01
3665,652,210.72
3632,475,153.87
3443,310,87.4
4356,277,216.5
2107,920,296.85
4820,640,228.25
3254,788,137.04
3020,621,50.5
1063,884,216.79
969,468,99.39
2645,451,137.69
3283,479,136.74
2534,849,270.25
1504,748,186.5
464,188,153.62
4153,483,123.78
2642,796,152.29
4023,373,136.72
3536,780,99.9
3900,10,256.68
3177,847,183.26
4341,884,266.81
750,666,66.55
4027,199,91.14
3492,858,231.64
3242,912,185.02
97,515,251.74
1296,839,159.67
2116,578,151.45
1500,80,66.3
1677,652,223.91
832,560,63.27
4082,256,239.99
408,269,59.47
1981,16,213.44
1196,729,294.01
3151,807,249.72
3777,266,245.97
4021,663,131.1
3764,741,168.3
516,862,144.09
2052,17,287.3
3962,204,88.24
284,741,212.51
222,994,90.24
1433,655,204.32
4050,438,81.44
1892,940,72.07
725,568,187.32
3120,689,89.14
3519,923,189.01
4694,890,186.3
2724,423,173.59
1323,904,202.55
3600,215,159.14
3536,459,192.72
1096,982,178.71
2592,775,107.17
941,61,244.93
706,689,78.19
4005,277,154.54
3454,403,117.13
3363,773,296.55
1773,564,265.93
4589,971,88.01
519,718,133.57
2530,957,184.41
2566,614,104.82
4787,397,264.2
4337,871,135.41
3363,894,102.71
3027,716,291.28
1254,534,181.35
812,189,78.57
3354,293,114.63
1426,991,150.84
2317,970,121.07
2401,375,81.78
4464,804,55.6
3839,715,166.72
3485,897,100.72
255,887,241.6
221,485,55.12
2850,507,51.73
1691,750,246.31
2632,284,138.42
1624,696,291.15
3992,189,269.72
635,367,72.21
1774,640,243.02
406,278,192.18
2893,217,75.4
1359,24,82.56
4583,714,251.73
738,845,122.93
2449,297,63.46
2867,56,257.89
2530,407,205.29
4099,493,206.73
1666,73,105.51
499,684,187.49
2584,872,106.85
316,748,271.94
3244,918,100.2
987,623,164.11
1878,831,182.35
1372,205,227.38
397,794,57.0
4081,745,59.65
2788,234,191.67
479,338,258.07
2108,246,99.22
2572,875,184.66
1290,782,235.5
299,407,251.16
82,409,149.24
3829,911,133.45
3965,920,263.66
4483,617,150.2
3921,96,218.29
2030,713,169.82
4506,786,148.13
2066,141,299.56
4462,679,147.32
4582,744,231.47
1225,693,235.27
1178,618,83.69
4683,274,184.92
1281,975,106.07
1876,101,71.57
4470,166,120.72
3646,399,222.85
4242,918,181.91
54,710,87.35
2041,326,108.99
549,652,251.76
4933,277,234.08
230,118,281.9
2838,81,282.25
4794,613,220.75
503,950,267.9
2713,86,244.54
3071,548,156.31
3886,882,225.42
2747,609,241.06
231,383,296.97
2182,571,96.77
4716,814,219.74
2749,618,57.27
4282,64,244.31
560,824,77.27
2759,848,290.51
3793,839,255.33
2513,792,296.35
4409,290,112.3
3858,941,109.57
1258,307,251.11
3666,182,50.31
4160,488,243.69
228,435,298.26
4300,239,105.69
3169,315,195.12
3542,560,96.51
821,427,274.78
494,32,229.84
4668,113,161.6
3888,187,288.43
2050,105,272.74
3965,370,283.4
2053,110,272.86
4139,937,63.24
2816,806,231.04
3614,786,226.36
4999,105,136.38
3911,26,69.02
597,840,266.8
3652,260,56.47
541,679,182.9
1936,878,135.42
4661,460,212.93
4065,843,159.12
1143,720,259.7
578,682,129.3
265,222,188.62
2564,339,150.18
3092,229,243.26
1378,479,102.53
4676,889,95.7
2613,231,93.51
2007,421,252.89
3848,966,283.17
2730,752,122.42
2608,237,225.69
3480,166,126.41
1915,953,96.98
4589,718,298.81
1631,901,103.56
1323,785,263.84
1523,550,290.87
342,51,288.97
4703,675,154.76
1012,519,207.25
4790,600,205.1
4614,374,215.16
343,626,225.73
986,732,189.72
1539,386,95.78
2683,774,290.47
267,752,186.19
2663,307,73.73
4743,380,274.89
476,108,220.15
1675,432,165.28
2531,124,98.89
1113,399,68.93
2670,431,219.8
3528,233,169.36
2719,589,184.76
988,404,208.57
2545,436,69.71
2641,669,272.2
1138,348,95.02
2143,392,230.64
4419,111,279.12
2454,25,231.19
4825,570,168.84
3431,7,80.73
4148,291,74.1
222,83,287.37
77,897,255.25
2021,143,192.66
2112,32,166.85
303,422,251.96
4702,850,253.38
3828,57,194.03
531,286,100.45
4350,398,255.58
4737,807,154.57
258,127,65.68
2104,33,266.51
2283,35,203.64
2178,507,168.57
1671,151,206.18
4386,994,80.24
1199,866,98.67
1384,767,237.14
4293,399,137.28
4364,50,148.64
4369,653,179.69
2390,632,103.6
4561,594,125.63
1434,480,64.38
4238,355,85.74
3405,88,138.69
1073,474,65.75
2408,393,188.13
585,885,218.24
1815,293,59.77
547,135,55.29
4170,830,155.32
1625,169,135.94
2686,522,221.33
1221,493,224.22
3046,276,278.93
4694,692,290.89
3471,977,64.96
62,736,121.65
3271,394,179.3
1213,80,115.75
3037,227,64.05
3408,894,104.01
2888,104,178.23
2141,291,156.04
4056,31,87.44
3766,494,122.92
4957,405,64.12
2410,866,158.29
815,276,284.71
2898,391,228.57
2283,761,122.92
2572,635,174.74
1920,709,250.43
931,609,75.16
2010,602,198.63
793,904,194.1
2426,931,263.49
625,44,118.87
1970,422,215.41
1223,902,106.17
3606,747,256.76
4831,831,236.3
920,864,102.27
992,740,162.93
2000,944,106.89
4543,549,228.22
176,339,159.31
3400,763,110.35
1246,512,288.64
1978,138,135.81
2887,888,215.75
4979,32,109.16
1957,200,277.34
313,694,221.57
203,822,165.47
1364,625,78.78
1541,258,125.29
4182,398,88.03
4811,835,159.12
2266,433,216.31
2725,193,271.9
4734,322,160.68
388,171,291.06
3249,580,187.85
3095,113,122.66
4542,273,105.35
240,192,129.14
4785,674,102.77
4711,496,74.59
3144,419,184.57
2184,377,270.64
2473,214,246.54
3500,54,83.44
4609,340,231.71
1042,937,250.54
3967,55,161.68
3866,646,133.5
1092,650,155.11
90,611,146.51
957,196,207.33
3936,597,171.49
2268,734,73.23
559,308,184.45
1073,529,224.94
4396,703,95.4
4074,423,129.83
2269,289,161.13
1207,465,144.16
3251,615,195.78
1657,930,56.64
239,976,99.44
3019,494,159.45
4166,362,171.5
4790,226,228.61
4606,405,103.96
2093,184,117.48
2593,507,267.25
4208,480,201.39
2674,580,240.57
4630,883,83.25
2334,926,53.81
357,42,233.64
3235,95,241.75
26,171,141.4
600,443,65.35
3024,851,89.96
2723,859,270.39
3659,278,260.87
4537,961,271.21
2900,640,137.89
56,171,275.47
663,620,148.87
2738,349,256.7
437,48,246.93
1502,143,101.84
3838,142,153.33
4629,671,91.36
4214,429,163.6
639,384,155.46
1014,446,160.13
2689,699,238.52
2229,714,141.91
2727,173,223.21
2734,886,275.18
1239,914,164.48
4494,954,134.85
4644,255,152.73
614,862,246.31
2472,822,255.33
1999,144,138.42
297,926,181.04
3973,464,137.75
1647,106,163.31
213,639,82.14
447,577,182.11
366,652,197.77
4501,741,132.53
170,942,129.33
4710,851,246.29
3129,610,261.77
2733,610,170.29
565,424,152.37
3261,766,142.18
4780,277,293.65
1115,339,281.07
327,781,142.62
4113,457,154.41
2878,210,74.91
2753,444,128.72
984,4,112.2
3922,596,77.89
3834,520,242.08
3916,293,54.8
2479,851,204.11
613,707,295.09
833,481,229.02
3983,993,66.33
1424,397,186.28
3058,154,209.5
877,938,203.99
3984,814,116.84
3294,367,118.24
420,433,225.14
772,592,198.85
4745,417,131.27
1713,126,230.71
3022,847,183.52
2177,755,147.78
4546,702,98.0
4040,830,138.91
3415,549,52.77
2616,573,235.5
2274,809,58.53
796,841,233.55
2672,855,58.84
1707,469,258.12
1214,536,119.9
2435,390,101.34
1912,349,166.78
3495,141,139.96
3078,496,263.86
2624,814,226.18
84,497,206.5
4614,176,259.29
2563,804,106.34
1102,480,168.02
2241,524,84.97
2733,986,287.75
730,608,140.75
1211,652,195.46
2422,801,89.27
834,436,123.54
2193,978,146.69
4705,708,158.58
586,334,137.15
3299,845,284.77
1258,848,254.44
947,205,248.89
1942,470,285.85
2290,658,119.86
3266,681,225.21
2346,186,172.68
4018,959,187.78
608,981,177.28
2091,835,82.55
4840,249,182.55
3078,751,64.74
539,100,144.79
1861,494,54.31
2673,409,229.72
4304,619,226.46
207,4,203.15
1286,34,193.35
162,527,71.16
1477,504,261.59
4934,907,144.44
3602,993,234.37
4075,688,204.97
1395,327,166.69
3893,876,72.46
2234,79,296.37
916,292,80.41
4228,637,88.76
1831,857,63.81
4341,514,234.08
4676,504,106.91
3232,349,61.37
1594,392,189.87
3232,120,242.67
1272,341,222.62
1327,48,209.59
2158,205,143.4
1736,741,109.6
2437,788,131.77
2641,29,116.0
1223,341,170.91
3932,881,213.51
652,754,279.5
418,587,116.3
1855,288,64.33
4119,707,181.0
1722,698,63.5
4306,570,227.76
803,428,113.63
1733,564,51.07
4028,296,232.37
4234,401,233.97
1875,913,121.84
4070,707,229.49
955,418,234.92
206,559,96.25
2258,799,270.53
2822,612,251.11
2165,342,166.05
4661,101,294.05
901,303,258.73
4315,595,211.62
1601,650,99.22
556,241,226.43
3462,127,290.05
811,265,258.23
3527,256,139.78
2148,1,181.63
2663,861,138.93
2344,586,58.42
750,901,131.47
2046,340,52.32
3333,548,240.08
4677,58,164.38
1263,897,240.53
862,553,201.06
3138,43,165.27
4994,637,127.81
2017,807,182.92
4369,844,172.22
3296,336,193.82
4662,837,184.69
3329,927,276.89
4874,464,155.1
1264,196,63.22
402,460,93.17
1442,202,52.38
1498,777,89.59
436,458,156.07
2758,64,200.68
41,868,100.25
2174,538,98.86
644,343,56.13
150,222,213.4
1096,854,166.21
1980,120,145.66
4413,725,233.23
4353,445,258.49
4871,142,138.21
1429,919,215.95
4261,627,138.82
1587,81,122.27
120,171,279.24
1651,968,164.04
3096,301,291.5
2165,960,245.2
4964,720,178.98
2204,134,112.64
2975,11,265.36
3439,640,268.38
170,702,154.87
4283,507,235.79
2349,488,256.14
114,541,167.27
1355,44,244.99
9,461,158.44
4589,964,76.97
33,589,106.18
4859,559,67.96
3213,189,109.16
4938,330,212.92
1878,206,291.16
4538,854,67.98
1916,498,219.63
1896,260,74.72
1541,328,193.27
4832,25,275.76
71,413,161.3
1482,916,136.62
3677,939,100.32
4993,616,186.02
3275,666,74.05
2595,907,123.65
3632,415,264.42
4609,626,269.74
3530,367,259.85
816,422,81.73
3419,536,83.67
310,550,197.8
4658,518,177.77
2046,850,293.27
3398,184,109.76
29,308,221.7
4781,854,162.03
428,542,226.74
4923,449,131.35
2765,951,242.01
531,411,120.56
951,768,119.24
839,527,156.07
770,427,178.58
547,126,150.77
4951,632,227.11
2621,384,157.6
895,314,75.9
1619,345,187.62
1371,14,201.82
1925,802,95.86
2670,919,119.37
4959,873,91.39
3517,791,59.35
4582,132,200.14
366,91,250.86
3456,552,234.69
1167,76,279.4
4740,691,122.83
1330,777,216.3
2362,695,83.47
4745,540,284.64
4822,989,104.43
4779,124,231.78
2236,61,80.25
288,373,239.02
3259,388,187.81
2896,336,270.33
592,784,130.09
1234,22,180.73
1104,141,102.18
1745,174,138.84
1392,544,216.21
4857,165,223.62
4688,127,162.26
100,214,158.12
4503,81,97.32
3097,218,165.32
2689,164,289.32
3823,93,220.99
1899,533,298.86
239,228,62.67
3099,678,190.51
4640,473,208.18
3852,915,224.07
4378,207,150.94
3070,98,121.18
2350,940,72.69
1431,670,167.66
1320,839,133.82
33,402,83.23
1904,72,183.9
3461,104,226.23
183,575,98.12
2604,712,99.67
2096,242,119.74
4030,32,110.72
585,326,128.78
2004,424,149.29
24,703,219.99
3651,120,293.87
2888,592,209.27
3804,335,56.97
369,822,269.92
2614,999,265.56
63,752,171.89
1336,796,174.52
1008,930,97.92
3473,585,92.37
1250,463,115.38
4780,213,52.14
1042,699,183.24
393,290,237.77
461,653,117.79
4437,224,79.14
111,540,93.23
4468,742,266.75
3758,811,180.06
2820,262,288.29
1635,287,56.47
760,289,261.25
1185,990,215.62
82,899,273.5
2800,963,225.07
2380,377,286.16
4116,640,261.04
3455,894,137.16
461,666,112.9
185,731,283.08
3646,876,134.61
3568,956,215.45
3723,601,162.45
691,310,212.73
1040,235,271.82
250,604,147.06
4758,938,187.6
856,949,67.55
2807,871,141.5
3894,954,218.94
711,36,249.32
4095,715,196.35
4518,818,268.44
2892,915,261.58
4406,348,151.09
2170,930,135.69
2710,386,112.86
943,544,58.44
3205,99,55.5
4752,877,211.12
1118,252,219.24
3681,967,243.35
1750,465,249.2
4708,541,199.82
1421,963,153.97
2067,522,50.99
2934,107,72.71
167,565,188.73
3669,970,153.91
2956,805,274.25
4103,444,95.17
1659,323,263.22
2889,751,217.07
2075,9,59.82
2842,410,243.03
2492,297,158.26
3355,406,248.36
590,230,147.21
1058,335,219.99
4998,249,152.87
865,206,125.6
586,525,94.37
1353,145,210.41
766,348,71.1
1250,397,56.58
2678,544,250.12
2538,241,200.15
2422,66,52.36
4548,255,208.44
3358,919,292.87
4560,265,211.33
3828,50,148.98
4213,157,191.18
3912,983,280.19
3901,565,60.52
374,66,91.96
733,413,52.69
590,364,87.44
3398,883,185.76
3186,704,235.59
1591,151,65.47
4338,687,221.69
2063,146,125.23
3903,466,194.53
1976,635,270.81
2139,104,159.39
4780,510,150.03
2827,478,242.49
1940,160,276.92
892,5,192.52
3268,894,98.31
4385,102,167.33
2998,252,141.84
4702,977,236.15
4864,975,242.06
2181,343,189.58
936,354,132.01
4397,462,134.56
4441,239,96.4
2725,628,80.42
2645,864,223.25
1703,876,201.37
1761,292,196.72
1527,879,106.46
4125,649,192.31
2427,641,124.15
1945,638,244.34
3239,970,298.42
3308,777,144.03
178,917,176.54
4162,837,75.95
1834,662,294.1
1304,433,201.53
4237,193,66.89
2191,936,254.07
2584,867,99.58
3022,46,191.47
3970,788,72.73
2972,454,102.44
3159,280,116.85
1308,444,209.22
61,574,89.03
80,587,76.93
1081,438,105.17
2182,190,187.19
2630,57,281.98
2189,314,260.6
2145,244,264.01
3417,817,153.47
926,621,224.88
3815,863,91.53
1490,205,185.56
2251,532,234.9
2440,727,87.01
2869,581,253.32
3411,635,169.91
1537,896,240.43
1871,18,186.19
3681,230,89.33
701,395,72.99
4906,957,288.7
615,62,154.91
2314,709,125.88
4666,975,129.0
115,944,143.25
1918,214,147.58
4736,253,254.12
4768,205,295.06
2467,658,98.18
2274,263,64.75
1432,442,261.3
4395,633,294.07
1356,632,181.01
592,236,107.55
2379,730,74.54
1018,344,300.0
1221,178,180.55
3841,461,135.82
637,881,111.99
1306,222,76.74
4717,509,284.0
3086,299,111.93
2984,251,52.29
331,316,78.19
2543,774,175.89
4439,43,193.53
2410,430,240.48
3910,416,299.06
1083,823,242.66
2003,42,132.51
497,470,139.54
1517,526,158.47
2562,908,162.59
3539,365,114.75
256,263,244.53
2625,210,269.3
1886,810,251.17
3540,711,85.97
730,304,82.18
4863,347,146.16
3581,254,187.36
3231,370,165.63
2938,791,124.67
4969,221,263.56
3095,482,76.52
2957,23,103.24
3962,67,117.23
2945,686,88.96
3502,311,199.54
2335,205,50.12
4131,253,239.37
3358,303,63.33
2344,698,247.41
1471,544,276.65
1157,354,196.99
1987,811,51.09
2579,457,142.94
4772,407,288.43
1881,829,129.19
1769,359,206.54
1034,664,181.0
1887,351,161.17
1723,886,114.58
71,967,141.6
1922,951,244.86
1103,656,158.17
2577,101,117.91
668,849,137.72
198,634,68.67
2660,809,275.12
1326,260,232.25
1047,845,276.47
101,472,201.97
898,493,161.84
77,758,153.69
4717,80,209.17
718,791,152.37
4276,603,117.76
4849,236,200.37
3591,271,172.25
662,630,201.69
2842,412,120.06
2814,579,114.04
3999,739,158.99
2022,84,97.64
3102,982,235.49
731,208,212.29
4912,965,216.26
4294,98,103.03
1594,317,174.55
3597,695,127.46
4037,213,60.44
4935,131,197.28
3701,752,289.64
458,463,190.67
1358,225,67.05
2777,818,203.25
2092,715,69.78
2675,770,70.07
3064,353,52.04
4271,501,286.83
317,460,71.43
4638,968,117.96
3168,824,65.97
2805,772,163.38
3023,177,245.89
442,576,93.88
3881,467,64.52
4257,229,230.2
1992,376,281.78
3640,526,171.02
2991,80,145.18
525,466,133.56
3491,403,59.26
1760,218,212.4
2453,441,276.39
4868,733,259.42
3814,9,222.94
2736,914,191.99
4900,163,287.19
3239,717,109.69
2447,488,201.68
1643,693,298.69
1868,811,112.64
2233,680,235.17
469,318,104.7
147,38,239.14
3075,851,254.2
3703,191,214.58
3150,207,183.6
2582,689,168.89
1451,765,54.27
2102,237,299.77
2592,330,89.83
3612,948,196.78
3147,848,144.46
3076,150,66.97
1374,932,149.81
502,737,226.88
1567,832,151.2
2640,522,200.68
2868,386,246.51
1784,12,243.68
4772,233,251.29
3025,454,286.78
4395,367,188.82
4100,190,299.46
1683,468,286.84
3338,806,84.87
4827,411,247.41
3962,377,114.86
2987,175,291.14
289,992,234.51
3776,106,282.44
3927,275,233.95
2039,372,142.37
4187,845,150.08
4346,380,276.96
2219,195,236.35
4860,601,119.37
3919,801,240.32
3206,636,267.71
3052,398,52.44
354,461,222.59
2860,642,266.25
3658,622,265.57
1968,963,278.83
4409,32,114.13
3918,697,241.86
1009,513,168.69
3447,294,238.35
357,587,209.3
1537,669,282.51
4228,630,243.95
4924,599,213.17
1649,92,128.99
1451,336,158.09
3426,127,270.24
248,536,199.16
4405,384,83.29
4823,143,193.78
3271,189,97.52
554,993,161.1
4494,907,278.76
4831,263,203.49
3100,78,178.87
1699,34,117.78
1984,957,157.81
4223,757,89.32
2872,601,164.67
3832,643,113.19
2674,91,178.34
3245,294,84.86
3782,4,206.08
3530,426,283.5
3524,877,179.87
1173,984,88.99
974,774,277.86
3809,228,126.06
3489,775,223.21
457,255,148.42
938,299,246.1
126,155,143.71
4836,970,104.56
1025,712,127.94
4442,935,231.6
1727,122,129.46
4476,290,298.11
1957,813,91.19
577,148,68.45
2882,605,217.8
783,253,238.64
2507,462,282.53
4883,119,220.19
2647,967,132.25
4997,406,93.59
43,399,181.49
4826,524,69.51
3981,432,67.8
3929,13,298.16
3259,447,128.79
2216,636,172.26
2966,868,68.55
3200,806,222.8
3979,773,228.84
4139,8,85.95
2298,180,292.82
4777,753,91.79
1026,546,199.82
4025,660,222.53
3266,608,144.2
1116,439,99.95
1501,546,146.6
1752,128,242.51
4720,892,111.32
1192,434,281.11
2295,821,263.7
2780,341,146.9
4772,530,222.84
3068,219,211.35
1956,537,177.36
2313,582,106.08
1156,898,215.64
3036,388,164.81
2747,285,291.97
3340,799,238.83
726,267,115.5
1932,72,113.5
4751,484,249.63
3944,684,208.36
631,151,217.05
1063,562,211.64
1500,563,147.17
4534,900,115.52
3978,682,139.09
2323,78,114.88
2954,884,299.7
767,685,264.5
1988,768,164.25
2428,774,151.98
3608,856,163.92
3367,235,210.72
1995,663,267.45
754,342,223.94
1708,606,55.52
348,822,206.66
2791,718,57.68
3064,584,279.11
4244,629,226.39
1226,273,291.11
842,576,287.45
4500,326,100.12
3853,515,242.75
3145,923,222.62
1441,612,100.82
2492,543,176.2
4080,679,299.66
2937,664,66.73
1178,912,120.32
1093,50,233.22
1134,576,119.64
517,119,94.73
3083,839,107.7
1751,400,167.49
4422,914,69.34
1418,456,190.16
3780,134,73.12
4887,869,281.86
4756,386,150.64
3942,583,154.59
3285,313,97.17
3388,963,260.87
2577,492,242.64
4748,912,231.37
2574,157,164.33
149,86,259.47
178,787,190.07
4201,406,180.68
610,417,269.6
2764,439,259.5
3892,65,53.96
3935,664,166.1
4210,640,263.34
2615,50,229.81
605,487,279.31
1783,459,258.64
2154,106,163.68
3014,735,129.94
3893,374,125.17
3776,792,291.76
4864,53,283.23
2265,58,95.36
35,980,136.76
3519,843,143.57
785,431,160.68
1541,939,287.95
2052,889,234.24
4543,762,181.45
4087,253,56.81
4694,931,71.03
542,380,244.92
4606,589,264.48
2264,516,275.51
1727,540,274.29
233,39,188.91
4581,7,253.56
1212,848,213.73
1297,434,230.61
1420,245,116.19
704,563,159.2
1992,178,51.5
2288,994,234.02
187,44,53.67
1307,75,232.76
1593,432,145.49
2189,197,286.53
3603,446,207.15
3851,282,124.14
4912,901,127.53
503,923,176.72
1635,25,289.57
3464,516,64.13
4474,904,156.73
2319,428,249.06
3984,259,277.18
235,879,151.47
3263,233,140.71
1985,259,158.46
919,730,184.5
1783,17,131.6
21,519,169.02
1270,435,59.38
2676,823,127.74
2500,72,189.64
2680,942,136.89
708,402,125.8
345,350,136.24
3251,236,74.3
3638,645,66.52
3049,516,205.79
1433,843,136.24
2422,125,289.49
2647,472,113.63
4297,732,155.27
1738,395,63.22
3716,457,198.99
1245,499,214.41
3521,218,296.36
2136,670,247.49
2991,955,291.24
2626,305,236.17
2094,673,73.2
2433,139,112.15
3574,229,245.23
3996,861,61.43
3688,516,183.11
2265,447,160.84
3261,937,183.67
3123,707,277.19
4226,276,112.64
846,470,261.67
2357,157,158.73
987,180,199.57
4290,934,140.76
4417,517,163.06
3858,1,131.31
2104,98,144.8
4765,153,181.09
362,249,250.91
694,722,159.71
129,950,231.73
1610,465,269.65
803,665,149.03
3419,718,109.46
2018,933,84.87
2377,48,114.77
4629,413,294.12
3930,641,60.04
3198,197,208.48
3406,900,255.08
4402,636,205.64
2014,181,290.51
4166,359,102.29
1020,720,211.04
1674,463,51.42
116,206,115.32
4056,83,154.62
434,781,261.89
2678,53,271.14
4116,659,285.42
798,11,101.49
1061,650,167.77
240,915,128.61
4463,888,276.87
2697,682,122.69
553,328,152.32
1623,538,288.98
3457,141,100.02
1180,197,90.92
239,168,102.43
2470,410,88.18
730,671,287.8
3548,444,122.88
3983,372,240.7
924,621,171.37
1538,26,72.92
1272,846,57.72
1258,911,285.16
3656,98,169.19
1761,485,132.08
1742,243,90.39
2034,351,294.09
4959,479,105.5
76,941,92.22
2457,188,75.77
757,107,286.34
4017,262,182.66
3645,619,83.81
4205,956,99.11
3422,52,116.2
4906,774,122.43
1611,783,99.08
30,128,58.6
2180,940,56.97
2041,367,247.13
4769,890,132.73
3496,122,110.08
3155,997,123.41
2894,404,121.79
1021,809,159.25
652,454,69.69
740,301,170.14
1326,627,200.73
3268,995,252.71
3455,592,116.83
2593,304,244.29
93,840,84.44
2046,845,115.59
406,24,260.88
2775,725,216.76
1019,224,165.03
3904,990,243.42
1758,563,255.59
1441,856,261.91
4997,329,79.76
4245,236,228.8
208,655,86.77
4891,576,124.14
4192,346,67.73
3008,788,292.89
191,193,99.74
2276,610,237.1
344,435,258.79
2579,153,113.24
4323,11,185.89
4433,408,269.15
3340,480,210.67
2670,914,253.27
436,374,203.92
4056,835,119.63
895,430,102.04
4401,52,89.81
2276,502,73.7
2023,285,297.66
3640,893,73.71
4557,299,64.46
1368,61,89.71
3945,940,287.8
2902,375,112.71
4956,166,272.45
2076,454,195.01
3523,614,107.56
899,377,202.24
3552,83,131.75
4407,597,102.41
1519,765,225.0
1918,999,281.97
3680,268,190.06
2372,452,230.65
3607,958,274.19
80,459,193.08
1048,133,83.26
79,271,179.29
1994,765,182.85
1108,672,138.16
2995,579,116.7
2704,632,75.17
2979,342,139.38
2541,116,172.78
2573,334,264.59
1557,360,95.3
3009,864,152.61
299,624,113.16
3191,612,65.23
1102,719,170.15
1116,388,133.53
2794,683,149.98
4896,20,223.79
3643,628,126.5
3499,620,242.87
3874,497,155.81
4233,844,257.98
3777,564,180.66
2657,304,142.03
4419,970,193.02
4108,31,209.83
2459,181,139.47
1635,966,84.77
4765,947,204.28
3015,520,144.13
4753,334,162.24
3196,945,232.44
668,224,62.86
1428,851,62.71
4110,992,91.15
1147,343,270.66
2005,374,244.36
766,880,96.86
1160,807,265.59
4910,789,286.25
2866,144,298.94
3155,18,121.02
2518,895,106.18
3259,75,296.85
4035,296,204.78
4477,678,139.09
196,242,124.05
2976,955,210.48
109,997,131.12
4627,851,278.59
4708,281,299.61
2,376,226.48
76,325,81.29
2450,616,120.82
2709,318,161.32
40,79,87.01
3820,529,139.53
4325,930,231.96
2776,722,156.99
4437,582,287.59
846,593,192.75
276,477,134.37
3328,188,227.87
3517,841,184.72
4635,45,88.35
755,182,226.12
4385,284,97.99
636,904,210.68
3320,714,145.3
1091,252,102.79
3259,209,60.44
760,418,61.42
4176,820,209.23
4324,654,229.34
1693,478,99.75
217,785,56.38
4253,895,169.78
4220,718,130.87
2955,40,245.09
3977,731,228.4
3997,417,192.24
2061,766,133.98
56,49,55.04
1018,137,109.41
324,214,91.87
642,560,90.22
3809,716,216.45
4208,721,57.26
553,451,203.57
4593,303,106.95
3610,506,242.78
2132,538,255.33
822,612,195.04
3057,330,199.29
2281,72,193.81
4360,711,246.74
2563,172,112.53
4653,438,234.13
3206,803,189.05
97,63,205.06
3593,983,244.6
3978,794,259.66
3723,275,62.62
3518,809,135.73
2599,539,278.73
4506,132,237.38
177,702,55.24
595,461,254.23
1806,85,237.05
591,985,195.01
474,171,177.55
4166,737,268.82
2383,362,118.35
2066,426,276.81
3057,572,283.69
3994,630,82.67
425,171,121.02
4172,902,251.89
361,644,271.89
4832,948,122.21
2153,21,179.82
3638,702,298.74
2159,775,196.79
3241,514,112.74
3976,734,176.77
1598,967,263.84
1716,434,237.5
3328,927,234.01
4897,30,244.4
1261,793,56.89
4211,456,78.33
2815,527,74.02
36,187,262.22
896,816,152.71
1973,211,91.54
2828,725,241.12
3182,994,213.98
594,185,156.62
3045,430,209.53
629,179,172.7
2186,211,135.26
4899,197,104.76
4173,56,210.03
181,955,57.49
4957,138,117.28
1349,505,147.16
4155,453,289.55
707,247,55.34
692,878,51.75
4367,43,106.79
3725,576,117.25
1972,632,196.19
2310,368,51.08
4646,626,267.0
4498,913,63.33
1229,938,71.02
516,773,63.91
1966,679,88.02
4712,347,199.71
4551,924,276.36
1444,984,283.3
2841,798,67.51
1232,347,182.77
2016,163,252.4
1257,111,285.0
1176,186,192.97
4970,211,150.22
4964,396,109.71
3073,259,179.46
4623,103,236.66
4817,871,283.78
3339,903,140.43
2475,569,70.23
2860,380,158.42
1605,420,55.44
4543,524,251.43
583,143,247.9
2109,633,155.44
2162,459,78.12
2317,747,276.2
4243,124,217.48
652,135,231.26
3775,544,91.98
571,964,206.1
4977,119,155.77
3902,733,174.42
3124,439,248.64
493,492,189.4
601,964,184.98
4126,599,272.43
1798,195,228.6
1412,654,109.66
2994,450,74.53
1307,79,142.66
2167,937,157.97
120,223,146.8
1451,437,126.44
479,341,272.85
1354,504,70.82
422,975,277.46
1063,742,59.74
4965,364,255.66
1976,443,109.61
3806,341,131.09
3794,223,240.25
3049,520,173.49
3291,53,298.58
4385,849,180.23
3033,17,69.34
1733,550,54.52
145,185,241.01
747,519,99.81
3398,115,104.91
3403,459,154.99
1765,502,291.47
1847,800,160.83
1401,225,201.27
3940,583,79.1
4399,868,212.9
2501,543,264.16
3222,74,223.71
4053,231,256.7
472,930,123.38
2831,189,256.2
3686,703,72.78
1652,746,223.26
2192,202,252.78
4280,624,238.72
653,941,60.48
3693,827,260.89
270,422,293.29
3181,652,202.91
4414,331,241.0
3005,197,249.32
1026,176,106.12
3827,534,254.87
3781,832,76.83
4431,914,108.41
4307,353,74.8
201,938,177.97
4931,971,163.61
4986,907,278.78
434,651,107.26
1201,823,160.47
151,33,91.39
2453,744,174.78
2700,621,174.0
3140,893,121.47
792,480,178.08
33,199,147.3
4451,640,200.35
2847,496,160.86
1160,125,201.06
2844,198,200.08
2741,514,163.48
1282,236,59.42
2987,920,173.3
4306,114,197.62
1121,547,272.99
2767,99,272.85
265,562,93.43
4415,20,187.42
2529,981,75.99
287,92,62.32
2969,499,295.22
4144,954,270.2
4758,359,218.21
2256,297,180.79
401,608,84.82
4759,998,270.38
4017,132,267.35
4261,721,291.3
1478,942,111.39
484,498,198.51
29,857,75.38
4743,128,179.76
3392,164,103.22
859,496,87.6
1590,715,78.94
162,339,91.91
3467,459,119.21
3763,723,135.61
1141,330,288.53
2775,582,62.22
1259,322,273.18
3730,51,216.39
4978,762,66.09
3131,402,88.62
3783,328,171.19
3257,218,214.06
4002,860,179.55
4048,976,229.76
2645,364,267.38
3063,123,105.76
3319,49,257.23
2713,239,122.38
3876,906,102.76
1758,541,295.29
4636,365,150.99
780,630,175.96
315,530,130.64
2789,5,179.22
4974,131,143.04
2419,960,247.27
4056,692,85.28
3872,642,266.19
2080,713,79.43
2273,613,119.51
3043,760,135.66
711,880,176.23
713,697,218.5
3713,447,155.67
37,764,248.66
3828,289,60.36
3861,237,159.89
1240,978,71.42
2524,437,224.24
2506,834,91.3
1227,221,101.81
695,360,205.17
552,311,128.47
3501,833,280.55
1875,967,276.93
3100,489,141.24
4684,920,271.89
2356,745,132.26
1413,118,177.21
4532,526,174.35
60,788,65.75
4722,623,106.68
1471,473,137.45
2059,909,138.87
4485,158,103.7
3383,181,185.72
1234,8,111.23
2892,617,297.66
209,480,64.04
4774,934,201.15
355,305,227.87
4429,936,78.75
597,67,215.28
1755,353,298.35
4462,295,284.12
1175,717,174.94
1321,771,190.73
4278,888,87.2
4295,303,80.33
2564,505,260.22
3609,621,154.52
1692,431,62.56
4436,255,261.79
411,977,256.21
1543,308,87.32
4091,486,81.37
4812,542,270.37
2147,459,154.71
2386,475,107.22
2425,403,191.5
2399,939,210.27
3379,667,56.99
2038,179,219.26
4407,843,144.51
1941,475,255.46
4606,6,95.37
3116,930,142.88
3730,335,288.22
201,443,296.57
662,572,52.03
3752,804,124.09
2418,521,154.55
1974,773,131.11
2179,10,269.4
2313,993,100.83
4740,127,66.82
2209,118,206.66
4051,319,129.46
78,228,59.9
4560,196,239.45
2218,123,134.78
1092,506,67.25
288,748,89.28
4916,733,226.2
3983,794,197.19
399,993,266.83
4616,212,198.19
4020,861,289.22
2369,376,243.34
4537,333,115.67
1653,960,247.79
57,182,177.66
1163,278,158.37
1032,505,61.72
1160,919,50.23
2908,253,285.58
4905,557,216.26
1672,276,138.89
4569,379,286.38
2155,955,189.02
4579,801,165.39
228,306,72.88
3206,297,82.08
314,80,262.32
1884,317,172.38
893,696,261.83
1185,50,55.8
4385,154,101.81
1099,535,236.46
1952,222,235.93
3880,921,152.61
2601,79,209.81
486,722,108.74
3111,595,61.81
2245,151,263.33
4104,521,231.52
19,963,260.74
2969,138,246.73
4774,760,238.45
3075,793,141.92
772,648,86.3
1680,5,69.29
2731,202,126.1
2087,100,203.0
3351,260,50.13
765,729,179.23
1717,166,155.33
356,975,164.86
4353,191,272.06
3267,976,138.14
3743,905,117.85
3558,896,233.42
214,747,85.07
3464,214,225.11
4589,589,161.29
286,623,268.48
326,961,293.64
1747,129,101.79
370,213,219.65
4783,539,182.73
1930,250,83.89
1415,70,243.79
3440,207,197.46
4295,721,139.91
2757,702,151.54
1475,380,175.83
3981,561,275.42
3067,864,202.37
4429,428,76.98
3603,615,279.89
3565,94,284.66
3143,630,92.72
1566,360,130.18
1898,604,69.85
4740,1000,133.1
1782,658,51.9
188,973,150.36
1826,435,273.42
3966,559,159.76
779,919,133.38
4860,772,56.09
837,335,211.02
1952,22,100.58
4089,629,97.29
2371,356,230.16
3245,920,69.86
4470,442,188.75
3924,390,196.99
3583,97,273.66
1747,384,178.67
2627,174,119.73
586,995,74.2
4078,978,71.18
4047,618,142.58
3773,234,122.15
4966,743,138.14
1719,564,138.75
1796,259,126.61
2787,139,143.22
3155,306,242.43
3190,529,294.49
2441,441,119.47
2418,952,101.72
4744,263,147.76
131,549,57.17
3267,668,126.83
4648,969,134.58
3459,838,99.16
787,890,256.23
2781,896,64.4
3571,234,116.68
2652,193,298.18
4486,762,124.01
1263,940,188.77
4155,928,110.67
2279,96,254.58
4593,107,293.03
2289,326,147.87
162,141,280.35
1051,10,57.88
2535,961,272.27
843,475,253.84
4337,302,125.31
468,305,184.69
1084,537,61.19
832,730,251.32
1041,86,163.94
2262,694,187.25
3708,895,150.34
4807,988,176.18
1710,73,262.72
3368,682,291.42
1392,666,72.07
327,342,143.47
1204,615,144.54
1224,301,138.58
2998,856,255.53
1542,610,263.19
2307,184,140.68
2614,866,97.44
671,273,194.71
2190,767,53.48
1073,253,263.93
1247,554,90.85
1775,710,128.64
1338,443,180.4
984,854,206.91
2405,180,215.91
335,300,234.68
4237,676,245.73
2860,760,57.06
2707,252,178.93
2899,193,259.42
2310,64,56.09
3977,456,264.43
3123,352,284.51
3288,648,175.11
3745,335,97.08
1684,275,120.94
1768,683,180.1
2455,832,262.08
3091,255,154.35
2824,140,187.25
1178,36,217.65
820,62,91.27
2139,976,267.54
1218,337,177.23
4578,164,100.42
1281,164,109.94
3121,484,134.26
1894,98,260.87
709,352,234.11
328,660,257.94
1489,170,224.61
323,437,71.94
345,950,273.21
4973,972,276.71
3185,482,227.84
4651,921,51.27
2533,741,177.39
3542,904,84.82
785,589,161.56
4985,164,107.4
4761,685,276.58
3203,657,74.63
1684,651,131.21
4144,945,149.5
964,712,222.15
2834,975,90.54
4907,860,57.69
1352,299,57.15
3366,18,260.91
3638,211,215.01
3593,963,61.15
2170,931,193.08
2173,411,274.11
4321,884,188.08
1256,187,51.9
265,566,232.31
3839,322,207.51
345,158,252.26
3137,171,130.75
3893,679,98.56
4130,363,174.75
2165,11,258.62
3543,566,156.59
292,682,139.96
1580,381,144.93
4398,420,278.96
896,688,77.17
1436,144,212.83
2635,468,220.05
4581,312,193.36
2574,946,264.82
1366,839,152.06
431,709,163.15
2688,186,89.75
4102,398,126.76
1742,722,127.53
4114,903,268.73
3241,520,63.35
2325,484,74.95
2832,702,218.38
2598,535,198.53
1423,568,289.49
1620,853,181.13
1573,741,102.77
4823,208,251.67
4019,642,109.48
4583,455,270.47
1121,351,218.55
1396,290,96.61
1264,107,266.54
2533,675,223.95
4927,386,91.59
395,597,138.28
2263,262,215.87
4987,171,99.26
2676,431,172.86
4417,809,190.72
4458,581,272.06
3822,599,189.72
1227,346,207.46
404,309,247.63
1295,517,102.39
2062,918,99.72
4257,712,126.21
4857,973,260.58
146,135,171.19
115,556,267.82
257,151,275.55
1124,756,52.13
2405,853,207.55
1927,814,159.65
769,299,131.7
416,669,238.48
3704,68,239.7
2315,586,146.32
2612,809,144.5
1357,590,206.76
3208,803,266.77
4116,951,230.09
998,657,254.79
4409,944,296.89
4242,538,291.97
558,321,134.26
331,278,286.53
2141,527,220.25
2779,518,273.57
2842,345,175.61
4972,10,297.06
2401,868,132.67
2822,107,172.64
967,381,105.73
4563,485,158.99
3861,967,155.51
4508,549,243.89
2316,6,212.22
602,670,84.71
4688,601,73.41
2157,363,119.42
3562,792,191.34
3364,282,199.45
659,386,127.98
2439,692,154.17
2458,705,250.61
3151,174,217.31
1929,361,204.49
4412,144,120.25
2720,72,74.92
1123,907,210.54
1985,377,198.82
350,691,265.7
308,694,170.28
2159,944,161.1
4562,209,108.23
912,808,85.33
1729,838,220.83
235,71,113.99
2169,26,68.59
3331,468,110.5
1765,387,172.74
2084,369,65.22
2371,547,236.54
631,808,70.98
4731,674,285.49
4899,258,127.94
553,888,187.03
4004,574,274.53
2154,963,98.54
755,56,272.38
4631,443,261.21
776,115,94.66
1839,578,214.1
617,765,145.82
2797,547,186.34
3053,473,110.78
1606,47,124.97
3940,710,108.18
2625,440,248.5
3913,284,228.04
4699,698,71.14
4363,520,124.03
1193,295,285.95
2097,442,223.19
4499,300,149.99
4626,341,213.87
2941,797,278.26
2674,682,180.46
3150,382,66.27
2703,336,107.94
1775,283,213.71
3605,144,286.32
510,773,282.24
873,532,122.82
2089,5,69.57
3486,610,184.86
2068,885,118.17
